{"source": "user", "pair_id": 23, "item1": {"segmentation": [[310.41202155332803, 361.208658491274, 293.745354886661, 359.81976960238507, 258.32868821999364, 363.9864362690518, 243.74535488665998, 364.68088071349626, 210.41202155332596, 364.68088071349626, 179.8564659977698, 361.90310293571844, 159.02313266443602, 359.1253251579406, 159.71757710888048, 348.01421404682924, 160.41202155332496, 302.87532515793947, 161.10646599776942, 288.2919918246058, 159.02313266443602, 275.79199182460553, 159.02313266443602, 257.73643626904965, 159.71757710888048, 223.70865849127114, 163.88424377554725, 198.01421404682617, 174.3009104422141, 177.1808807134924, 176.3842437755475, 154.2642140468253, 179.16202155332533, 137.5975473801583, 179.8564659977698, 124.40310293571358, 179.8564659977698, 102.87532515793535, 178.46757710888087, 100.09754738015752, 165.96757710888062, 93.8475473801574, 156.93979933110265, 88.98643626904618, 151.384243775547, 88.98643626904618, 149.99535488665805, 96.62532515793522, 139.5786882199912, 90.3753251579351, 136.80091044221336, 84.12532515793498, 145.13424377554685, 68.15310293571243, 147.91202155332468, 55.65310293571217, 154.16202155332482, 34.819769602378415, 162.49535488665833, 26.48643626904491, 171.52313266443628, 21.6253251579337, 188.88424377554776, 16.764214046822488, 199.30091044221462, 16.764214046822488, 206.9581422816446, 22.999425353636266, 217.42187593206094, 28.706916435681546, 225.50748829829175, 30.609413463029973, 232.64185215084834, 31.08503771986708, 239.30059174656785, 31.08503771986708, 252.61807093800684, 29.18254069251865, 263.5574288452603, 23.475049610473373, 266.88679864312, 20.621304069450733, 274.49678675251374, 12.060067446382813, 281.15552634823325, 3.9744550801520013, 290.66801148497535, 7.779449134848855, 302.0829936490659, 12.535691703219921, 308.2661089879483, 12.060067446382813, 315.876097097342, 14.913812987405453, 325.38858223408414, 21.09692832628784, 331.1126764204103, 26.786076457792216, 337.29579175929274, 35.34731308086013, 345.38140412552355, 63.409144234249425, 345.8570283823606, 69.1166353162947, 341.10078581398955, 76.72662342568842, 336.3445432456185, 80.05599322354816, 338.24704027296696, 69.1166353162947, 329.685803649899, 73.39725362782866, 319.22206999948264, 77.67787193936263, 310.1852091195776, 83.3853630214079, 305.9045908080437, 85.76348430559344, 307.33146357855503, 91.94659964447582, 306.8558393217179, 112.39844268847142, 305.4289665512066, 123.81342485256198, 307.8070878353921, 146.64338918074307, 309.2339606059034, 160.43649262901917, 313.9902031742745, 196.10831189180217, 318.2708214858085, 222.74327027468016, 318.2708214858085, 236.06074946611915, 317.3195729721342, 255.0857197396034, 318.3380789711251, 274.14608345694296, 314.0574606595912, 309.817902719726, 312.6305878890799, 331.6966185342329, 312.15496363224275, 349.29471603720583, 314.53308491642827, 356.4290798897624]], "scale": 2, "viewpoint": 2, "zoom_in": 1, "landmarks": [240, 12, 1, 197, 18, 2, 216, 29, 2, 240, 30, 2, 266, 21, 2, 280, 5, 2, 162, 29, 2, 149, 58, 2, 137, 85, 2, 180, 99, 1, 183, 87, 1, 184, 75, 1, 176, 89, 2, 181, 122, 2, 177, 156, 2, 159, 257, 2, 160, 355, 2, 243, 366, 2, 312, 359, 2, 316, 254, 2, 308, 159, 2, 305, 123, 2, 306, 84, 2, 300, 71, 1, 304, 82, 1, 307, 90, 1, 346, 68, 2, 336, 35, 2, 314, 16, 2], "style": 2, "bounding_box": [134, 0, 349, 369], "category_id": 10, "occlusion": 2, "category_name": "short sleeve dress"}}