{"source": "user", "pair_id": 23, "item1": {"segmentation": [[186.60660130008216, 137.56009557295442, 195.7893377555459, 142.7024279880141, 200.56436071238704, 145.6409036537625, 207.54324041853948, 147.1101414866367, 220.76638091440725, 147.8447604030738, 229.58180791165242, 147.1101414866367, 235.09144978493066, 146.00821311198106, 241.335710574646, 145.27359419554395, 257.49732673626215, 142.7024279880141, 264.4762064424146, 140.86588069692138, 272.5570145232226, 137.19278611473587, 280.6378226040307, 133.51969153255038, 282.47436989512346, 132.41776315789474, 289.8205590594945, 134.2543104489875, 297.534057682084, 135.35623882364314, 310.75719817795175, 139.39664286404718, 318.83800625875983, 140.86588069692138, 340.7799888840559, 151.59047109854527, 351.4319631723938, 162.60975484510175, 361.34931854429465, 173.99634804987676, 365.7570320429172, 182.07715613068484, 369.06281716688414, 189.79065475327437, 370.5320549997584, 200.80993849983085, 371.633983374414, 211.8292222463873, 373.8378401237253, 220.27733978541394, 375.3070779565995, 225.78698165869218, 376.7763157894737, 230.92931407375187, 378.980172538785, 234.60240865593735, 376.7763157894737, 242.31590727852688, 374.93976849838094, 246.72362077714948, 367.59357933401, 244.15245456961964, 359.8800807114204, 239.74474107099707, 357.67622396210913, 239.74474107099707, 356.5742955874535, 248.19285861002368, 354.71424774056356, 277.81308902421347, 352.8777004494708, 281.8534930646175, 353.6123193659079, 304.9939889323861, 355.0815571987821, 323.7267713015321, 355.8161761152192, 338.7864590884926, 361.3258179884974, 357.88655091585713, 363.8969841960273, 369.6404535788507, 366.4681504035571, 379.9251184089701, 368.67200715286845, 390.20978323908946, 369.4066260693055, 402.6983048185201, 371.6104828186168, 417.75799260548064, 372.7124111932725, 425.8388006862887, 385.8608211299599, 508.74028865207094, 390.63584408680106, 538.4923547677735, 394.6762481272051, 556.8578276787009, 396.14548596007927, 573.3867532985356, 397.6147237929535, 584.0387275868735, 398.71665216760914, 593.2214640423372, 399.08396162582767, 599.4657248320526, 397.2474143347349, 601.3022721231453, 384.75889275530426, 599.098415373834, 379.6165603402446, 599.098415373834, 355.3741360978203, 601.3022721231453, 346.9260185587937, 601.6695815813639, 337.0086631868929, 602.404200497801, 324.5201416074622, 603.8734383306752, 312.7662389444687, 604.9753667053308, 296.97193224107104, 605.3426761635493, 285.95264849451456, 605.3426761635493, 283.7487917452033, 605.3426761635493, 261.1074410371659, 606.4916056497996, 237.96694516939735, 606.4916056497996, 196.82828584891985, 603.9204394422696, 158.27089676671017, 601.6498417186217, 129.98806848388188, 601.2825322604031, 114.56107123870282, 600.9152228021845, 111.25528611473588, 601.2825322604031, 102.4398591174907, 603.1190795514958, 110.88797665651732, 568.9592999371707, 111.98990503117298, 546.1861135276207, 112.72452394761007, 534.0649014064086, 113.45914286404717, 520.8417609105409, 119.33609419554395, 474.92807863322224, 120.4380225701996, 462.072247595573, 120.4380225701996, 451.4202733072351, 120.4380225701996, 445.5433219757383, 123.70644241457639, 384.71776678265917, 121.13527620704654, 368.92346007926153, 122.97182349813929, 357.90417633270505, 125.54298970566913, 343.57910746218164, 125.54298970566913, 334.3963710067179, 127.74684645498043, 322.6424683437244, 127.74684645498043, 314.19435080469776, 127.37953699676189, 303.1750670581413, 126.27760862210623, 299.13466301773724, 125.91029916388769, 294.7269495191146, 126.64491808032479, 291.7884738533662, 127.74684645498043, 288.11537927118076, 128.84877482963608, 281.50380902324684, 129.58339374607317, 259.09793207191535, 129.95070320429173, 251.75174290754438, 125.54298970566913, 256.159456406167, 120.767966748828, 260.5671699047896, 123.16828572809435, 249.5206249093809, 125.37214247740565, 237.7667222463873, 126.84138031027983, 231.52246145667198, 128.67792760137257, 227.48205741626793, 131.61640326712097, 222.7070344594268, 134.55487893286937, 215.36084529505584, 135.28949784930646, 209.48389396355904, 134.18756947465081, 199.19922913343967, 136.02411676574357, 183.40492243004206, 137.1260451403992, 175.32411434923398, 137.8606640568363, 169.07985355951865, 139.3299018897105, 159.89711710405493, 139.69721134792906, 155.8567130636509, 139.69721134792906, 155.48940360543233, 144.47223430477018, 155.12209414721377, 148.51263834517422, 150.34707119037265, 150.34918563626698, 147.0412860664057, 154.38958967667102, 143.3681914842202, 163.9396355903533, 140.79702527669036, 177.16277608622107, 138.22585906916052, 181.93779904306217, 137.49124015272344]], "scale": 2, "viewpoint": 1, "zoom_in": 1, "landmarks": [233, 146, 2, 187, 138, 2, 197, 170, 2, 236, 186, 2, 271, 169, 2, 283, 134, 2, 144, 155, 2, 0, 0, 0, 0, 0, 0, 120, 260, 2, 126, 257, 2, 130, 252, 2, 130, 264, 2, 130, 295, 2, 125, 332, 2, 121, 445, 2, 103, 605, 2, 244, 607, 2, 399, 602, 2, 379, 450, 2, 354, 314, 2, 353, 281, 2, 357, 248, 2, 357, 240, 2, 368, 245, 2, 377, 248, 2, 371, 196, 2, 354, 167, 2, 325, 144, 2], "style": 1, "bounding_box": [98, 131, 405, 613], "category_id": 10, "occlusion": 1, "category_name": "short sleeve dress"}}