{"source": "user", "pair_id": 23, "item1": {"segmentation": [[140.77424967377124, 81.11304431878595, 146.28389154704945, 84.78613890097144, 150.3242955874535, 85.8880672756271, 157.30317529360593, 88.09192402493838, 166.1186022908511, 88.82654294137548, 173.09748199700354, 89.19385239959404, 179.34174278671887, 89.19385239959404, 187.7898603257455, 89.19385239959404, 199.17645353052052, 86.25537673384564, 209.82842781885844, 82.2149726934416, 220.1130926489778, 78.90918756947465, 226.35735343869317, 76.70533082016337, 227.82659127156734, 76.33802136194481, 241.78435068387222, 79.27649702769321, 245.4574452660577, 81.11304431878595, 253.90556280508434, 85.15344835919, 259.41520467836256, 88.45923348315694, 264.1902276352037, 91.03039969068678, 271.5364167995747, 94.70349427287226, 277.4133681310715, 97.64196993862066, 282.1883910879126, 100.58044560436905, 286.2287951283166, 102.78430235368035, 292.84036537625053, 106.82470639408439, 298.71731670774733, 110.13049151805133, 307.5327437049925, 112.70165772558117, 318.9193369097675, 121.1497752646078, 314.5116234111449, 130.33251172007152, 311.57314774539657, 133.63829684403845, 306.4308153303368, 138.4133198008796, 303.1250302063699, 140.98448600840945, 302.02310183171426, 144.2902711323764, 303.4923396645885, 150.16722246387317, 304.59426803924407, 154.57493596249577, 304.59426803924407, 156.4114832535885, 295.77884104199893, 157.51341162824417, 289.5345802522836, 158.98264946111834, 286.5961045865352, 159.71726837755546, 282.1883910879126, 161.92112512686674, 278.14798704750854, 164.12498187617803, 276.67874921463437, 168.53269537480062, 274.4748924653231, 176.24619399739015, 272.6383451742303, 183.59238316176112, 271.9037262577932, 188.7347155768208, 271.9037262577932, 199.0193804069402, 270.43448842491904, 208.20211686240393, 270.43448842491904, 212.24252090280794, 270.9325310521483, 233.53148712000387, 270.9325310521483, 247.48924653230875, 274.60562563433376, 275.03745589869993, 279.0133391329564, 284.95481127060077, 283.05374317336043, 296.3414044753758, 285.2575999226717, 303.68759363974675, 286.7268377555459, 315.07418684452176, 289.29800396307576, 325.7261611328597, 291.50186071238704, 334.90889758832344, 292.9710985452612, 339.6839205451646, 293.7057174616983, 344.8262529602242, 297.61490503117295, 388.9362524769224, 301.57894736842104, 416.8421052631579, 304.7368421052632, 457.89473684210526, 284.611183606399, 457.7850273065584, 269.55149581943846, 458.5196462229955, 253.02257019960373, 458.5196462229955, 244.5744526605771, 458.152336764777, 232.82054999758356, 457.7850273065584, 225.47436083321256, 456.3157894736842, 220.33202841815287, 453.74462326615435, 210.7819825044706, 450.4388381421874, 192.41650959354314, 451.90807597506165, 180.66260693054957, 455.2138610990286, 172.18645788023778, 457.9329176936833, 160.43255521724421, 457.1982987772462, 154.55560388574742, 456.46367986080907, 139.86322555700545, 454.6271325697163, 124.80353777004495, 453.89251365327925, 115.62080131458123, 452.7905852786236, 103.13227973515055, 451.68865690396797, 96.88801894543522, 450.95403798753085, 88.07259194819005, 449.1174906964381, 79.25716495094487, 448.382871780001, 75.95137982697793, 448.382871780001, 43.213474457493604, 450.81098061959307, 44.315402832149246, 435.0166739161955, 44.6827122903678, 423.997390169639, 45.417331206804896, 413.71272533951964, 45.784640665023446, 404.89729834227444, 47.253878497897645, 396.4491808032478, 50.55966362186459, 369.2682808950752, 51.29428253830168, 360.45285389783, 53.13082982939443, 351.2701174423663, 54.96737712048717, 345.02585665265093, 57.17123386979846, 338.7815958629356, 60.9588710067179, 307.5107534676913, 65.36658450534048, 295.3895413464792, 74.18201150258567, 273.7182833115848, 75.65124933545985, 264.9028563143396, 76.01855879367841, 256.08742931709446, 77.12048716833405, 248.00662123628635, 79.6916533758639, 240.66043207191538, 81.1608912087381, 236.9873374897299, 82.99743849983085, 232.21231453288874, 85.20129524914213, 221.19303078633226, 85.56860470736069, 213.8468416219613, 85.93591416557923, 207.60258083224596, 85.93591416557923, 190.7063457541927, 88.13977091489053, 181.52360929872899, 88.13977091489053, 171.23894446860962, 87.40515199845342, 163.5254458460201, 86.30322362379778, 159.48504180561605, 77.66420182688125, 155.7839157121454, 71.41994103716591, 156.15122517036392, 66.27760862210623, 156.15122517036392, 62.97182349813929, 153.94736842105263, 61.869895123483644, 145.499250882026, 62.97182349813929, 141.45884684162195, 62.97182349813929, 136.31651442656226, 60.400657290609445, 128.60301580397274, 56.72756270842396, 126.0318495964429, 51.95253975158282, 122.35875501425741, 47.17751679474168, 117.58373205741628, 46.075588420086035, 112.07409018413804, 46.075588420086035, 107.66637668551544, 46.075588420086035, 106.93175776907836, 50.850611376927176, 105.8298293944227, 54.52370595911266, 106.5644483108598, 57.0948721666425, 106.93175776907836, 61.869895123483644, 104.36059156154852, 65.91029916388769, 102.1567348122372, 75.46034507756995, 96.64709293895898, 80.60267749262965, 93.70861727321059, 80.60267749262965, 93.70861727321059, 84.64308153303368, 93.70861727321059, 91.25465178096756, 92.60668889855494, 95.2950558213716, 90.0355226910251, 101.90662606930549, 85.62780919240251, 105.94703010970953, 84.52588081774687, 111.45667198298776, 84.52588081774687, 117.33362331448456, 82.68933352665411, 122.8432651877628, 80.48547677734283, 131.2913827267894, 78.28162002803153, 135.699096225412, 78.28162002803153, 138.27026243294185, 79.38354840268717]], "scale": 3, "viewpoint": 1, "zoom_in": 1, "landmarks": [187, 89, 2, 138, 80, 2, 157, 102, 2, 186, 114, 2, 220, 102, 2, 232, 78, 2, 92, 93, 2, 69, 102, 2, 52, 106, 2, 64, 156, 2, 75, 157, 2, 86, 160, 2, 88, 182, 2, 86, 209, 2, 80, 241, 2, 56, 344, 2, 44, 452, 2, 175, 458, 2, 305, 459, 2, 293, 345, 2, 272, 247, 2, 271, 214, 2, 271, 185, 2, 278, 163, 2, 291, 159, 2, 304, 156, 2, 319, 124, 2, 284, 103, 2, 261, 90, 2], "style": 1, "bounding_box": [39, 73, 322, 411], "category_id": 10, "occlusion": 1, "category_name": "short sleeve dress"}}