{"source": "user", "pair_id": 6, "item1": {"segmentation": [[220.47641589180049, 230.27472527472523, 214.55925612848688, 236.63567202028736, 209.23381234150463, 242.40490278951813, 205.8314454775993, 249.80135249366018, 201.98529163144545, 256.9019442096365, 199.17464074387146, 262.07945900253594, 194.44091293322057, 264.4463229078614, 192.7355874894336, 271.09298393913775, 189.18529163144547, 283.814877430262, 185.78292476754012, 291.50718512256975, 186.37464074387148, 313.10481825866447, 191.25629754860523, 321.24091293322067, 192.29180050718512, 327.1580726965343, 194.80659340659338, 329.0811496196112, 195.2503803888419, 338.84446322907866, 194.7715976331361, 356.9885038038884, 193.44023668639053, 370.4500422654269, 193.2923076923077, 382.5802197802198, 193.44023668639053, 395.7459002535926, 195.95502958579883, 406.1009298393914, 198.32189349112429, 412.1660185967879, 202.7557058326289, 429.59932375316987, 203.19949281487743, 436.847844463229, 206.30600169061708, 458.2975486052409, 208.229078613694, 467.469146238377, 210.59594251901945, 476.1969568892646, 215.32967032967036, 494.8360101437025, 234.1166525781911, 506.2265426880812, 244.17582417582423, 508.8892645815723, 256.89771766694855, 510.2206255283179, 260.8918005071852, 510.2206255283179, 279.51259509721046, 509.4174133558749, 289.1279797125951, 506.60676246830093, 299.1871513102283, 502.6126796280642, 304.8084530853762, 498.7665257819104, 305.69602704987324, 486.34049027895173, 307.3232459847845, 475.8375316990701, 307.91496196111586, 470.0683009298393, 307.767032967033, 462.967709213863, 308.34234995773454, 450.0442941673711, 308.1944209636517, 436.4348267117498, 305.9754860524091, 427.1153000845308, 303.4606931530008, 418.09163144547756, 301.2417582417582, 406.8490278951817, 298.2831783601014, 392.79577345731184, 292.6679628064244, 380.10448013524945, 292.07624683009305, 371.37666948436186, 287.34251901944214, 364.12814877430264, 287.78630600169066, 359.9861369399831, 287.34251901944214, 349.92696534234994, 283.49636517328827, 333.210989010989, 283.64429416737113, 321.0808114961961, 283.05257819103974, 314.1281487743026, 292.51800507185123, 312.90143702451394, 299.17480980557906, 311.7180050718512, 308.05054945054945, 308.167709213863, 315.1511411665258, 305.35705832628906, 319.4410819949282, 304.91327134404054, 321.9558748943365, 304.91327134404054, 321.8079459002536, 299.5878275570583, 319.589010989011, 291.4517328825021, 321.0458157227388, 279.6316145393069, 317.7913778529163, 261.88013524936605, 311.1345731191885, 250.93338968723586, 302.8505494505494, 241.31800507185122, 293.53102282333043, 234.9570583262891, 288.9452240067624, 234.9570583262891, 282.28841927303455, 236.7322062552832, 279.4777683854606, 238.21149619611157, 258.3524936601859, 251.3484361792054, 244.44716821639895, 259.18867286559595, 236.45900253592555, 263.3306846999155, 232.90870667793737, 264.5141166525782, 222.10989010989005, 264.66204564666106, 216.78444632290777, 264.07032967032967, 212.46559594251903, 262.3876584953508, 215.7200338123415, 255.4349957734573, 220.00997464074388, 246.41132713440405, 222.82062552831786, 238.71901944209634, 228.73778529163147, 232.50600169061704, 232.73186813186817, 228.80777683854603, 234.06322907861374, 227.92020287404898, 234.21115807269658, 225.84919695688922, 230.6608622147084, 227.77227387996615, 229.03364327979716, 229.54742180896022, 226.81470836855453, 230.2870667793744]], "scale": 2, "viewpoint": 2, "zoom_in": 1, "landmarks": [259, 232, 1, 228, 232, 2, 213, 263, 2, 237, 265, 2, 267, 250, 1, 291, 235, 2, 217, 234, 2, 194, 267, 2, 187, 321, 2, 195, 325, 1, 0, 0, 0, 0, 0, 0, 193, 290, 2, 196, 334, 2, 194, 371, 2, 203, 436, 2, 217, 496, 2, 261, 511, 2, 303, 500, 2, 306, 431, 2, 288, 366, 2, 282, 332, 1, 282, 298, 1, 283, 283, 1, 284, 300, 1, 283, 313, 1, 321, 305, 2, 317, 269, 2, 300, 241, 2], "style": 1, "bounding_box": [185, 227, 322, 514], "category_id": 10, "occlusion": 2, "category_name": "short sleeve dress"}}