{"source": "user", "pair_id": 5, "item1": {"segmentation": [[136.758812122134, 107.58279782501194, 136.758812122134, 123.15373208106742, 131.56850070344885, 132.15027187345504, 130.717559624, 145.23241059636982, 130.52852370717576, 152.60481135251365, 132.95258374843158, 167.09836875926842, 139.18095745085375, 171.59663865546224, 145.40933115327596, 176.09490855165603, 143.19393013439722, 179.44791154155013, 153.02379780925563, 180.5821270424953, 162.09752181681725, 181.71634254344053, 168.24670139549065, 179.9011369253585, 185.89376021902018, 173.32674246169063, 200.7726529525843, 163.63816114681165, 212.53735883493732, 154.29560059317836, 218.88303151688777, 149.79525612300074, 222.5606951188348, 148.7135903577222, 224.0, 148.06459089855508, 224.0, 176.83690025496412, 224.0, 188.3025573669166, 219.7483641291106, 191.76388781580792, 214.77270160882932, 198.25388240747913, 206.55204179271246, 212.3155373561001, 202.87437819076544, 223.78119446805255, 200.71104666020835, 233.08352004944794, 200.71104666020835, 233.73251950861507, 200.71104666020835, 241.73684617167623, 206.33570863965676, 243.9001777022333, 211.5277043129937, 244.54917716140042, 205.0377097213225, 249.9575059877931, 202.0090455785426, 252.12083751835019, 197.89871567048417, 256.8801668855757, 195.08638468075998, 260.7741636405784, 191.06829352367478, 263.8603581383462, 189.12129514617342, 266.8890222811261, 186.52529730950494, 269.4850201177946, 184.57829893200358, 272.7300174136302, 179.60263641172233, 279.6526783114128, 178.7373037994995, 283.76300821947126, 176.3576391158867, 287.4406718214183, 175.9249728097753, 289.60400335197534, 173.76164127921822, 298.04099632114793, 171.81464290171687, 300.6369941578164, 168.56964560588125, 307.9923213617104, 164.67564885087853, 312.751650728936, 163.78797672915314, 319.19616715464457, 157.7529879530959, 324.43364099394415, 153.5608793586079, 336.9429272728354, 151.61388098110652, 345.1635870889523, 148.80154999138233, 352.735247445902, 147.7198842261038, 359.87424149674035, 145.55655269554674, 363.11923879257597, 139.71555756304264, 363.33557194563167, 134.5012153881814, 360.92048567981504, 130.39088548012296, 357.6754883839794, 128.4438871026216, 355.2958237003666, 126.49688872512023, 357.6754883839794, 125.198889806786, 360.92048567981504, 123.46822458234034, 362.8674840573164, 120.22322728650474, 362.8674840573164, 114.59856530705635, 363.0838172103721, 110.2719022459422, 363.5164835164835, 105.29623972566094, 363.5164835164835, 101.61857612371392, 362.00215144509355, 99.88791089926826, 358.75715414925793, 98.37357882787832, 355.2958237003666, 95.34491468509842, 359.1898204553694, 91.4509179300957, 360.92048567981504, 89.07125324648291, 359.4061536084251, 87.12425486898155, 357.4591552309237, 82.53656565176318, 350.60115655031825, 82.53656565176318, 346.05816033614843, 81.88756619259605, 343.2458293464242, 78.20990259064904, 341.73149727503426, 74.96490529481343, 340.2171652036443, 74.53223898870202, 339.5681657444772, 72.58524061120066, 339.3518325914215, 68.69124385619793, 339.1354994383658, 66.52791232564086, 340.2171652036443, 63.931914488972374, 343.0294961933685, 61.7685829584153, 344.1111619586471, 57.44191989730116, 344.1111619586471, 56.79292043813404, 341.51516412197856, 57.225586744245454, 337.62116736697584, 58.95625196869111, 333.7271706119731, 59.38891827480253, 331.99650538752746, 60.90325034619247, 323.34317926529917, 59.17258512174682, 320.09818196946355, 56.14392097896692, 315.98785206140514, 51.03734404772461, 310.1706444266996, 49.96083501273806, 306.7873303167418, 49.34568699274575, 303.5578032117822, 49.19189998774767, 301.4047851418091, 47.19266892277265, 297.56011001685715, 45.501011867793785, 294.9457309318898, 45.347224862795706, 294.7919439268917, 44.270715827809155, 293.71543489190515, 43.65201887693232, 289.09641684728194, 44.574740906920795, 284.4828066973396, 44.728527911918874, 280.94570558238377, 45.80503694690542, 278.6389005074126, 46.573971971895816, 275.563160407451, 47.496694001884286, 273.7177163474741, 48.88077704686699, 270.1806152325183, 49.49592506685931, 267.720023152549, 50.57243410184586, 263.87534802759706, 51.18758212183817, 261.72232995762397, 52.11030415182664, 259.5693118876508, 52.72545217181895, 256.6473587926873, 54.10953521680166, 253.11025767773154, 55.03225724679013, 250.18830458276807, 55.33983125678629, 248.4966475277892, 57.18527531676323, 243.88303737784685, 57.80042333675554, 241.1148712878814, 58.41557135674786, 238.80806621291026, 59.03071937674017, 235.88611311794676, 60.2610154167248, 233.57930804297558, 60.876163436717114, 231.42628997300247, 62.46946440718055, 228.81647379917305, 62.93082542217479, 225.12558567921917, 64.93005648714981, 222.35741958925377, 67.69822257711523, 221.12712354926913, 70.62017567207872, 221.58848456426335, 71.85047171206335, 220.97333654427104, 72.46561973205566, 219.74304050428643, 73.23455475704606, 216.66730040432486, 75.69514683701532, 212.66883827437482, 76.92544287699994, 210.82339421439787, 76.92544287699994, 207.7476541144363, 78.15573891698456, 202.05753492950737, 78.15573891698456, 197.7514987895612, 79.07846094697304, 193.2916756446169, 79.3860349569692, 189.44700051966495, 79.84739597196344, 183.2955203197418, 81.23147901694614, 179.60463219978791, 85.0761541418981, 172.22285595988015, 85.38372815189426, 169.30090286491665, 87.38295921686928, 163.61078367998775, 87.53674622186736, 160.68883058502425, 88.45946825185582, 156.99794246507037, 89.3821902818443, 153.61462835511264, 89.99733830183662, 151.61539729013762, 90.92006033182508, 149.92374023515876, 94.14316556185052, 146.52386444773992, 95.21967459683707, 143.1405503377822, 95.83482261682938, 140.06481023782064, 97.37269266681017, 133.1443950129071, 98.6029887067948, 126.53155379798972, 99.67949774178135, 123.60960070302623, 102.90902484674099, 116.53539847311461, 105.83097794170449, 110.53770527818955, 109.52186606165837, 106.5392431482395, 111.21352311663723, 105.1551601032568, 117.67257732655654, 103.92486406327217, 129.3603897064105, 103.30971604327986]], "scale": 3, "viewpoint": 2, "zoom_in": 2, "landmarks": [153, 163, 1, 137, 108, 1, 129, 145, 2, 141, 178, 2, 186, 172, 2, 223, 150, 2, 113, 106, 2, 87, 172, 2, 81, 193, 2, 77, 211, 2, 57, 249, 2, 45, 295, 2, 74, 343, 2, 146, 365, 2, 167, 321, 2, 182, 283, 2, 190, 266, 2, 208, 249, 2, 0, 0, 0], "style": 2, "bounding_box": [42, 102, 223, 370], "category_id": 12, "occlusion": 1, "category_name": "vest dress"}}