{"source": "user", "pair_id": 4, "item1": {"segmentation": [[372.75801749271136, 63.616826322365675, 380.5880882965431, 67.61516034985421, 393.2494793835901, 71.44689712619738, 405.5776759683464, 74.94543940024985, 418.0724698042481, 78.11078717201161, 429.82224073302797, 80.32519783423575, 443.9830070803832, 83.99033735943357, 459.30995418575594, 88.48846314035818, 467.0, 89.65464389837567, 467.0, 124.11428571428571, 467.0, 183.0857142857143, 467.0, 241.3714285714286, 467.0, 313.37142857142857, 467.0, 407.31428571428575, 467.0, 436.11428571428576, 467.0, 485.4857142857143, 467.0, 508.9619325281134, 467.0, 510.96109954185766, 464.1899208663057, 513.7932528113287, 461.024573094544, 518.624573094544, 456.6930445647647, 524.9552686380675, 445.59300291545185, 540.3628488129947, 441.0948771345272, 547.0267388588089, 433.43140358184087, 557.5223656809663, 428.93327780091624, 563.6864639733445, 423.6021657642649, 570.8501457725948, 417.77126197417743, 579.3466055810079, 413.60633069554353, 585.1775093710954, 406.6092461474386, 594.5069554352353, 401.44473136193255, 602.1704289879217, 394.7515201999167, 613.2531445231153, 390.9197834235735, 619.7504373177842, 387.5831736776343, 623.0, 372.422823823407, 623.0, 299.65714285714284, 623.0, 204.34285714285716, 623.0, 132.34285714285716, 623.0, 80.91428571428573, 623.0, 68.57142857142857, 623.0, 67.18067471886714, 618.9367763431903, 66.01449396084965, 612.7726780508121, 63.515535193669315, 606.6085797584341, 60.137609329446065, 600.3985006247398, 58.638234069137866, 598.0661391087049, 56.47246980424824, 591.4022490628906, 55.30628904623075, 586.0711370262392, 53.30712203248648, 580.0736359850064, 51.47455226988757, 572.7433569346108, 52.4741357767597, 565.7462723865058, 53.47371928363184, 558.4159933361102, 55.395585172844655, 548.9406080799666, 55.72877967513537, 541.6103290295711, 57.061557684298215, 534.9464389837568, 58.560932944606414, 527.7827571845065, 62.05947521865888, 519.119700124948, 65.05822573927529, 512.2892128279884, 68.7646813827572, 502.68654727197, 73.26280716368181, 491.1913369429405, 77.26114119117034, 481.8618908788006, 80.09329446064139, 474.0318200749689, 83.25864223240315, 465.20216576426503, 87.9233652644731, 455.20633069554367, 95.31895043731775, 436.62340691378586, 99.81707621824236, 425.29479383590166, 103.81541024573089, 415.4655560183257, 108.81332778009156, 405.13652644731366, 113.64464806330687, 392.9749271137027, 116.64339858392327, 385.4780508121617, 122.47430237401073, 374.9824239900043, 127.63881715951675, 364.4867971678469, 133.63631820074954, 352.3251978342359, 140.95060391503543, 336.1472719700125, 145.11553519366933, 326.6512286547273, 148.78067471886715, 319.82074135776764, 151.44623073719285, 313.6566430653895, 152.61241149521032, 306.82615576842994, 153.61199500208247, 298.3296959600168, 155.61116201582672, 288.50045814244083, 155.77775926697208, 283.0027488546441, 151.9460224906289, 281.0035818408998, 143.2416493127863, 275.0847147022074, 134.9117867555185, 269.753602665556, 122.75018742190755, 264.08929612661393, 116.25289462723867, 260.5907538525614, 108.58942107455232, 256.4258225739276, 101.83090379008745, 251.0267388588088, 97.4993752603082, 248.02798833819242, 92.83465222823824, 243.36326530612246, 90.00249895876719, 240.03132028321534, 89.66930445647648, 233.20083298625576, 89.66930445647648, 227.3699291961683, 89.66930445647648, 225.03756768013332, 93.66763848396502, 218.87346938775516, 98.9987505206164, 209.7106205747606, 103.66347355268636, 202.38034152436495, 106.32902957101206, 198.3820074968764, 111.37292794668886, 186.24373177842563, 116.37084548104953, 175.91470220741357, 121.70195751770092, 164.41949187838404, 124.86730528946266, 156.58942107455232, 129.99583506872133, 144.953602665556, 135.99333610995416, 133.62498958767182, 141.15785089546017, 121.96318200749691, 147.35127030403999, 108.57209496043313, 152.01599333610994, 99.74244064972928, 156.84731361932523, 89.08021657642652, 161.70062473969182, 80.1486047480216, 167.6981257809246, 67.82040816326528, 172.6960433152853, 58.324364847980014, 179.19333610995415, 47.32894627238654, 189.8802165764265, 34.31436901291123, 197.37709287796753, 25.817909204498086, 206.8731361932528, 16.821657642648884, 214.5006247396918, 9.34410662224074, 224.91428571428574, 0.0, 241.3714285714286, 0.0, 277.7142857142857, 0.0, 330.4976259891713, 0.0, 343.32561432736367, 0.0, 339.99366930445655, 3.428571428571429, 338.99408579758443, 10.925447730112433, 340.32686380674727, 20.921282798833772, 343.8254060807997, 30.583923365264397, 346.6575593502708, 38.24739691795076, 351.15568513119536, 44.91128696376499, 357.15318617242815, 50.90878800499779, 365.48304872969595, 58.07246980424808]], "scale": 3, "viewpoint": 2, "zoom_in": 2, "landmarks": [426, 12, 1, 0, 0, 0, 346, 40, 2, 380, 70, 2, 425, 80, 2, 0, 0, 0, 215, 11, 2, 151, 105, 2, 90, 236, 2, 157, 282, 2, 174, 216, 2, 194, 138, 2, 190, 158, 2, 124, 375, 2, 57, 539, 2, 0, 0, 0, 0, 0, 0, 460, 519, 2, 0, 0, 0, 0, 0, 0, 0, 0, 0, 0, 0, 0, 0, 0, 0, 0, 0, 0, 0, 0, 0], "style": 1, "bounding_box": [48, 0, 467, 623], "category_id": 1, "occlusion": 1, "category_name": "short sleeve top"}}