{"source": "user", "pair_id": 6, "item1": {"segmentation": [[105.8021978021978, 19.153846153846153, 114.01098901098901, 37.395604395604394, 135.88410027472509, 47.42857142857142, 155.80597527472494, 50.944196428571395, 168.30597527472486, 50.944196428571395, 189.7903502747247, 49.77232142857141, 210.88410027472455, 38.83482142857149, 221.82160027472446, 27.50669642857157, 228.67994505494508, 15.50738324175826, 241.179945054945, 17.851133241758244, 250.55494505494494, 21.36675824175822, 268.1330700549448, 25.27300824175819, 271.25807005494477, 25.27300824175819, 275.55494505494477, 31.52300824175814, 281.0236950549447, 36.991758241758106, 286.49244505494465, 45.58550824175804, 291.57057005494465, 57.30425824175796, 296.2580700549446, 71.75738324175785, 305.24244505494454, 89.33550824175771, 312.6643200549445, 97.14800824175765, 306.41432005494454, 103.78863324175762, 297.4299450549446, 112.38238324175757, 290.99860757921437, 120.43654679645162, 291.23656117826255, 101.40025887259675, 268.15506207058854, 109.49068124023508, 252.92603173150465, 118.77087160311432, 254.11579972674556, 139.71078831935466, 256.45209478022, 171.96565934065904, 257.62396978022, 196.18440934065887, 259.57709478021997, 215.3250343406587, 267.3895947802199, 245.40315934065848, 272.0770947802199, 257.5125343406584, 275.20209478021985, 280.55940934065825, 279.36246565934067, 295.5259271978023, 282.0968406593406, 317.0103021978021, 283.2687156593406, 334.197802197802, 287.1749656593406, 356.8540521978018, 286.7843406593406, 388.1040521978016, 287.5655906593406, 404.5103021978015, 288.34684065934056, 417.01030219780137, 285.494848901099, 431.05151098901126, 285.494848901099, 448.6296359890111, 287.838598901099, 461.12963598901104, 292.1354739010989, 467.770260989011, 280.02609890109903, 472.4577609890109, 250.72922390109923, 475.1921359890109, 204.24484890109957, 478.7077609890109, 176.51047390109977, 481.83276098901086, 107.76476648351655, 487.4361263736262, 88.2335164835167, 487.0455013736262, 88.2335164835167, 482.7486263736263, 87.4522664835167, 468.6861263736264, 86.67101648351671, 453.4517513736265, 86.67101648351671, 432.7486263736266, 86.75274725274697, 408.9908997252745, 82.45587225274701, 396.49089972527463, 80.89337225274701, 387.1158997252747, 80.11212225274703, 369.9283997252748, 81.67462225274701, 342.584649725275, 87.56799450549458, 281.9754464285715, 92.64611950549454, 226.1160714285719, 94.98986950549453, 220.64732142857196, 92.64611950549454, 213.225446428572, 93.80855082417574, 186.52884615384554, 100.0585508241757, 162.3100961538457, 84.68767170329663, 170.83344780219792, 63.20329670329679, 182.16157280219784, 51.87517170329687, 189.97407280219778, 47.187671703296914, 183.3334478021978, 44.84392170329693, 177.86469780219787, 46.406421703296914, 171.6146978021979, 42.89079670329694, 167.31782280219795, 42.50017170329694, 159.505322802198, 42.10954670329695, 154.42719780219804, 39.375171703296964, 151.69282280219807, 34.661229395604416, 143.33241758241763, 35.05185439560441, 131.22304258241772, 38.17685439560439, 110.51991758241786, 40.12997939560437, 99.58241758241795, 40.12997939560437, 97.62929258241795, 41.956043956043956, 81.17582417582418, 47.42857142857142, 64.75824175824175, 52.9010989010989, 51.989010989010985, 70.23076923076923, 32.83516483516483, 80.26373626373626, 20.978021978021978]], "scale": 2, "viewpoint": 2, "zoom_in": 1, "landmarks": [164, 18, 1, 105, 18, 1, 124, 47, 2, 167, 49, 1, 207, 40, 1, 231, 16, 2, 79, 21, 1, 42, 101, 2, 51, 189, 2, 101, 161, 2, 94, 124, 2, 87, 86, 2, 90, 93, 2, 97, 146, 2, 97, 224, 2, 82, 343, 2, 92, 486, 2, 193, 479, 2, 292, 467, 2, 283, 329, 2, 261, 217, 2, 257, 141, 2, 253, 84, 2, 252, 67, 2, 254, 94, 2, 257, 115, 2, 310, 97, 2, 294, 61, 2, 273, 28, 2], "style": 1, "bounding_box": [32, 9, 313, 492], "category_id": 10, "occlusion": 1, "category_name": "short sleeve dress"}}