{"source": "user", "pair_id": 6, "item1": {"segmentation": [[202.22059422059434, 154.02374169040812, 208.3934337267671, 146.30769230769212, 215.18894254534396, 138.45412373094007, 221.41731624776605, 129.4575839385526, 229.37579375641653, 122.53716871363915, 238.71835431004965, 117.69287805619975, 239.06437507129533, 131.5337085060266, 251.5211224761395, 125.99737632609587, 276.4346172858279, 116.65481577246273, 266.5030525030521, 106.22344322344321, 270.2062435834058, 100.39183999391615, 278.16472109205625, 99.6997984714248, 297.1958629605682, 99.35377771017913, 305.6156559489887, 99.7027540360875, 312.7144213810874, 102.48053181386526, 317.0354090354084, 104.33238366571709, 323.8255324921985, 109.88793922127262, 330.3070139736799, 116.06077872744541, 336.7030253696921, 125.60100393433724, 343.8017908017908, 132.69976936643596, 349.35734635734633, 136.40347307013963, 348.4314204314204, 142.57631257631243, 343.8017908017908, 152.14421381088027, 319.1104327770996, 179.30470763804058, 312.9375932709268, 174.36643603310233, 307.9993216659886, 186.71211504544794, 298.74006240672935, 204.61334961334904, 293.4931488264825, 226.21828788495384, 291.2508479175146, 236.79148012481386, 289.70763804097135, 249.13715913715947, 291.86813186813185, 261.1741961741964, 296.1891195224528, 278.7667887667889, 301.74467507800836, 290.8038258038259, 304.21381088047747, 300.3717270383937, 304.83109483109473, 307.47049247049245, 304.21381088047747, 315.8038258038257, 301.4360331026997, 332.7791344458009, 297.732329398996, 357.7791344458007, 293.7199837199837, 381.544566544566, 290.94220594220593, 390.1865418532079, 289.0903540903541, 402.2235788902449, 285.0404198289542, 418.0935819183521, 272.27676379866756, 422.4202449794662, 275.3054279414475, 409.65658894917954, 270.8804775471443, 406.2359245692572, 260.38665038665056, 402.84086284086214, 248.34961334961363, 399.75444308777577, 239.09035409035442, 398.2112332112325, 227.67060100393473, 400.37172703839303, 218.84247499390818, 404.24826012278686, 210.18914887167995, 414.19958516334935, 208.8639261972594, 406.11857278523945, 205.77750644417299, 384.204992538326, 203.67064804819438, 377.40336983071234, 204.93818992234557, 361.28748028793285, 208.92189295539217, 334.1258686989787, 209.99480148642667, 306.79034320138874, 208.72725961227547, 291.57984071157443, 208.00294996990337, 270.7559384933763, 206.73540809575218, 257.1751326988992, 207.09756291693822, 244.68079136798028, 208.3651047910894, 234.9026111959568, 202.0206945612107, 236.87466856366805, 193.6911336739314, 232.5288107094354, 191.6992821574081, 230.35588178231905, 184.87880250125613, 225.91621190036756, 177.81678348812807, 208.71385789402993, 178.1789383093141, 201.83291629149488, 185.2409573224422, 185.53594933812238, 190.2776205234331, 177.89095558131297, 195.89102025181697, 163.40476273387077]], "scale": 2, "viewpoint": 3, "zoom_in": 1, "landmarks": [265, 107, 1, 239, 118, 1, 239, 131, 1, 255, 132, 1, 276, 117, 2, 299, 99, 1, 229, 122, 1, 202, 155, 2, 182, 193, 2, 202, 235, 2, 210, 194, 1, 218, 158, 1, 214, 166, 1, 209, 215, 2, 208, 260, 2, 210, 325, 2, 210, 414, 2, 250, 400, 2, 284, 418, 2, 301, 332, 2, 289, 255, 2, 295, 216, 2, 309, 181, 2, 302, 160, 2, 307, 171, 2, 310, 180, 2, 349, 136, 2, 332, 118, 2, 316, 104, 2], "style": 1, "bounding_box": [177, 96, 351, 422], "category_id": 10, "occlusion": 2, "category_name": "short sleeve dress"}}