{"source": "user", "pair_id": 10, "item1": {"segmentation": [[184.09975573755113, 268.34188904998734, 175.07608709849916, 268.48981804407015, 158.80389774938905, 266.27088313282786, 146.37786224643222, 260.94543934584635, 136.0228326606349, 255.17620857661643, 129.2180989328252, 246.59632691981292, 124.04058413992652, 238.6081612393407, 121.6737202346014, 232.09928549969663, 115.27547829286041, 216.22171633554137, 110.58797829286114, 203.54810522443222, 103.99075607063993, 190.3536607799898, 99.30325607064066, 183.40921633554643, 91.96588127524504, 181.23169797720269, 80.62801279452141, 176.46979321529875, 73.82529170608724, 176.2430358456843, 68.3831148353399, 175.10924899761193, 61.807151116520195, 173.06843267108167, 53.19037107117023, 175.3360063672264, 46.841164721965, 178.28385217221452, 40.01303729597561, 178.2384607394733, 37.63337261236326, 181.2671248822527, 29.62904594930352, 183.2141232597537, 21.841052439299453, 183.64678956586505, 16.000057306796403, 184.94478848419905, 8.613552004793922, 186.19238930368846, 4.181419040805867, 185.91538099343921, 0.8573193178148246, 182.86828958069742, 0.8830022075055187, 271.96467991169976, 7.06401766004415, 285.20971302428256, 7.505518763796909, 295.364238410596, 2.2075055187637966, 303.75275938189844, 8.830022075055187, 300.6622516556291, 14.1280353200883, 297.5717439293598, 18.984547461368653, 295.8057395143488, 25.607064017660043, 298.0132450331126, 26.93156732891832, 313.0242825607064, 25.165562913907284, 320.9713024282561, 25.165562913907284, 337.74834437086093, 24.724061810154524, 351.8763796909492, 21.19205298013245, 371.30242825607064, 18.101545253863133, 396.9094922737307, 334.2163355408388, 399.0, 337.4387417218467, 388.86589403972926, 340.9387417218461, 380.36589403973085, 343.93874172184553, 372.61589403973227, 346.688741721845, 363.365894039734, 348.4387417218447, 350.3658940397364, 350.1887417218444, 341.36589403973807, 349.9387417218444, 333.86589403973943, 353.4361465661326, 324.7439217214031, 357.2423749398342, 319.5536103027191, 356.2043126560974, 315.40136116777194, 362.7787071197638, 315.40136116777194, 372.4672884346406, 316.43942345150873, 364.5088109259918, 307.44288365912314, 356.550333417343, 295.3321570155272, 351.360021998659, 283.22143037193115, 351.360021998659, 271.4567244895808, 351.360021998659, 253.8096656660552, 354.4742088498694, 244.467105112424, 360.010541029799, 233.04841999131924, 364.44060008109506, 225.65319637788627, 372.9303959994606, 217.48993107176554, 380.7671306933365, 211.2858494391138, 393.5018245708848, 203.12258413299307, 399.0, 200.51033923503445, 399.0, 189.08176780646545, 393.82835518312964, 187.12258413299648, 385.66508987700894, 184.51033923503783, 378.8079470198675, 180.26544127585507, 372.27733477497094, 179.6123800513654, 355.2977429382398, 179.93891066361024, 342.88957967293635, 180.5919718880999, 328.5222327341639, 181.5715637248344, 321.33855926477764, 174.71442086769298, 313.8283551831466, 167.53074739830674, 305.9916204892707, 161.00013515341016, 297.5018245709051, 157.08176780647221, 285.42019191784647, 158.71442086769636, 276.6038653872361, 160.67360454116533, 269.09366130560505, 163.93891066361363, 258.3181511015257, 169.1634004595309, 251.7875388566291, 169.48993107177571, 246.91611479028677, 167.81843267108263, 243.16611479028748, 174.56843267108138, 242.66611479028757, 185.8184326710793, 242.47564398901997, 196.42741863757865, 239.75948283012497, 214.35408228628566, 235.16611479028896, 228.81843267107135, 227.16611479029044, 243.31843267106865, 217.41611479029226, 252.56843267106694, 204.41611479029467, 260.3184326710655, 192.66611479029683, 266.06843267106444]], "scale": 3, "viewpoint": 2, "zoom_in": 2, "landmarks": [173, 187, 1, 99, 183, 1, 122, 234, 1, 184, 272, 2, 233, 236, 2, 243, 175, 1, 67, 179, 1, 23, 185, 2, 0, 0, 0, 8, 301, 2, 18, 298, 2, 29, 292, 2, 28, 315, 2, 0, 0, 0, 0, 0, 0, 0, 0, 0, 0, 0, 0, 0, 0, 0, 350, 334, 2, 356, 317, 2, 361, 313, 2, 368, 315, 2, 0, 0, 0, 347, 184, 2, 301, 161, 2], "style": 1, "bounding_box": [0, 156, 399, 399], "category_id": 1, "occlusion": 2, "category_name": "short sleeve top"}}