{"source": "user", "pair_id": 6, "item1": {"segmentation": [[114.63476599015351, 158.8828185047467, 127.30017241737463, 163.2306445917032, 153.88262242807698, 176.97833479651658, 163.406032530796, 181.75616444047438, 171.91264878788482, 183.45748769189214, 182.89037994141955, 185.76810901763645, 187.04917011155186, 185.76810901763645, 188.18338561249703, 184.0667857662187, 188.93952927979382, 181.42028293067995, 187.04917011155186, 177.26149276054764, 183.83555952554053, 175.74920542595407, 178.92062568811144, 174.0478821745363, 180.05484118905662, 173.48077442406372, 182.51230810777116, 173.66981034088792, 189.3176011134422, 175.37113359230568, 195.93385820228906, 175.93824134277827, 201.22686387336654, 177.45052867737184, 205.300027005131, 179.47325453374606, 209.08074534161491, 182.308793286109, 213.8066432622198, 188.54697854130745, 217.02025384823114, 195.5413074638027, 219.28868485012148, 204.2369596377157, 219.85579260059407, 218.79272523317877, 219.0996489332973, 238.45246058289513, 218.5325411828247, 257.7341240989631, 218.48993539541743, 265.11520804337437, 224.9171565674401, 280.6161532229584, 230.21016223851757, 297.81842165396023, 230.58823407216596, 313.69743866719267, 230.5456282847587, 328.2618874509233, 231.30177195205547, 345.84222771557353, 232.05791561935226, 374.3866511560271, 238.10706495772652, 389.7543987203723, 241.88778329421044, 404.87727206630797, 243.5891065456282, 421.323396830013, 244.15621429610079, 431.1532645048712, 246.23560938116694, 457.4292569434344, 234.46864288830236, 459.99468206651574, 211.21722511892628, 465.2876877375932, 191.17941793556153, 468.69033424042874, 173.03196992043874, 472.84912441056105, 161.8788508278112, 479.0873096657595, 159.79945574274504, 476.81887866386916, 157.90909657450308, 472.09298074326426, 155.64066557261273, 464.53154407029643, 153.93934232119497, 458.86046656557056, 151.67091131930462, 453.3784249776689, 148.2682648164691, 446.76216788882203, 148.2682648164691, 443.1704854691623, 145.4898107563514, 434.9480462826397, 139.54945054945054, 429.59340659340654, 134.07692307692307, 418.6483516483516, 127.69230769230768, 400.4065934065934, 127.69230769230768, 385.8131868131868, 130.42857142857142, 373.9560439560439, 131.34065934065933, 358.45054945054943, 135.31041359396744, 338.0346704335363, 138.90209601362716, 325.74733583996357, 138.33498826315457, 319.6981865015893, 137.0117368453852, 315.7284322482812, 137.76788051268198, 311.0025343276763, 140.22534743139653, 303.0630258210601, 138.14595234633038, 298.3371279004552, 137.16768109017633, 287.1943538503084, 131.87467541909885, 276.04123475768085, 127.90492116579074, 267.53461850059205, 125.258418330252, 256.0034275743161, 123.83134257047297, 254.59083071937505, 118.91640873304388, 256.1031180539686, 100.61547853855554, 262.4122287968441, 79.05071851225718, 271.3537146614068, 77.99877899877922, 264.5161078238, 77.99877899877922, 256.88954635108473, 76.94683948530124, 248.99999999999997, 75.36893021508429, 244.2662721893491, 76.15788485019277, 236.11374095989487, 76.15788485019277, 215.0749506903355, 85.36235559312499, 210.86719263642362, 98.5115995115996, 204.29257067718632, 107.19010049779283, 201.66272189349138, 119.28740490278946, 195.61406969099306, 131.6476941861556, 190.35437212360324, 125.0730722269183, 183.51676528599643, 118.81159011928234, 177.05146989762375, 112.23696816004504, 169.95087818164745, 106.18831595754672, 164.6911806142576, 99.87667887667891, 160.74640743871524, 104.87339156569927, 159.95745280360674, 110.3960740114586, 159.16849816849827]], "scale": 2, "viewpoint": 2, "zoom_in": 1, "landmarks": [151, 163, 1, 115, 159, 2, 138, 174, 1, 165, 185, 2, 187, 188, 2, 183, 174, 2, 104, 162, 2, 77, 218, 2, 79, 270, 2, 119, 256, 1, 116, 234, 1, 112, 204, 2, 115, 222, 1, 128, 268, 2, 138, 314, 2, 137, 392, 2, 159, 476, 2, 202, 467, 2, 245, 459, 2, 232, 374, 2, 229, 300, 2, 218, 266, 2, 214, 218, 2, 0, 0, 0, 0, 0, 0, 0, 0, 0, 0, 0, 0, 0, 0, 0, 201, 178, 1], "style": 1, "bounding_box": [73, 154, 249, 483], "category_id": 10, "occlusion": 2, "category_name": "short sleeve dress"}}