{"source": "user", "pair_id": 23, "item1": {"segmentation": [[350.0, 466.5603864734336, 0.0, 467.0, 0.0, 449.85739130434786, 0.0, 440.8973913043477, 4.6991304347824725, 423.6173913043474, 5.979130434782498, 408.2573913043471, 4.6991304347824725, 396.73739130434683, 11.73913043478261, 383.9373913043466, 21.339130434782795, 366.01739130434623, 25.819130434782885, 362.8173913043462, 36.6991304347831, 342.3373913043458, 43.09913043478322, 331.4573913043456, 57.179130434783495, 300.737391304345, 73.17913043478381, 273.21739130434446, 72.5391304347838, 261.69739130434425, 68.69913043478371, 242.49739130434384, 68.69913043478371, 236.09739130434372, 75.09913043478385, 222.65739130434346, 77.65913043478389, 215.61739130434333, 78.93913043478392, 177.85739130434257, 78.2991304347839, 160.57739130434226, 76.3797692990244, 153.6894409937892, 74.84915705412642, 135.32209405501337, 72.29813664596311, 115.42413487133956, 72.29813664596311, 104.199645075421, 70.25732031943247, 99.60780834072705, 68.2165039929018, 98.58740017746172, 64.64507542147318, 101.64862466725769, 53.93078970718728, 106.75066548358431, 48.318544809228, 103.68944099378834, 42.70629991126872, 97.05678793256374, 40.15527950310541, 89.91393078970647, 30.9716060337175, 75.11801242235927, 28.93078970718685, 73.07719609582864, 27.910381543921527, 71.54658385093065, 30.9716060337175, 66.44454303460402, 36.58385093167678, 62.36291038154273, 42.196095829636064, 64.91393078970604, 46.277728482697356, 59.81188997337942, 54.932181151879874, 56.460389992309274, 64.50554223408606, 49.80066054381801, 72.83020404470014, 43.55716418585746, 77.82500113106857, 41.05976564267324, 94.47432475229672, 26.907840564629314, 99.46912183866516, 24.826675111975796, 110.70741528299416, 19.831878025607352, 125.69180654209949, 17.33447948242313, 134.84893453377498, 13.172148577116095, 138.59503234855129, 11.507216214993282, 150.6657919739417, 10.674750033931874, 186.87807085011292, 10.25851694340117, 196.4514319323191, 13.172148577116095, 209.7708908293016, 15.253314029769612, 221.42541736416132, 10.674750033931874, 232.2504637379543, 2.514771750441059, 239.74265936750695, 7.925801927340206, 250.98095281183595, 10.423200470524428, 258.05691535085793, 11.671899742116539, 266.7978102520027, 11.671899742116539, 271.7926073383711, 15.001764466362168, 285.52829932588435, 22.49396009591483, 295.93412658915196, 28.321223363344682, 314.2483825725029, 42.4731484413886, 321.32434511152485, 49.54911098041057, 317.1620142062178, 60.78740442473956, 310.0860516671959, 67.86336696376152, 312.99968330091076, 81.59905895127474, 315.0808487535643, 90.33995385241951, 310.0860516671959, 88.6750214902967, 304.258788399766, 84.92892367552037, 300.92892367552037, 84.51269058498967, 299.68022440392826, 92.00488621454234, 301.7613898565818, 111.98407456001611, 301.7613898565818, 144.8664887119417, 301.7613898565818, 160.26711306157773, 303.0100891281739, 175.66773741121378, 302.43813467415964, 184.99240855762397, 302.43813467415964, 188.8472838410709, 303.79867889184675, 196.10351966873571, 305.38598047914843, 220.1398008478754, 306.9732820664501, 248.7112294193056, 309.2408557625954, 261.8631568569481, 309.0140983929809, 276.14887114266315, 311.5281183549745, 284.7804370447459, 315.2742161697508, 296.8511966701363, 317.3553816224043, 308.505723204996, 320.26901325611925, 328.48491155046975, 320.68524634664993, 331.81477627471537, 320.68524634664993, 348.0478668054128, 322.3501787087728, 365.52965660770235, 323.78319685110625, 371.3599058951269, 330.02669320906676, 383.43066552051727, 332.1078586617203, 389.2579287879471, 332.524091752251, 395.50142514590766, 330.8591593901282, 402.99362077546033, 334.60525720490455, 409.2371171334209, 338.35135501968085, 418.3942451250964, 342.7108537302636, 425.1408406098719, 350.0, 438.46029950685437]], "scale": 3, "viewpoint": 1, "zoom_in": 2, "landmarks": [186, 12, 2, 136, 12, 2, 152, 39, 2, 184, 55, 2, 217, 42, 2, 231, 5, 2, 98, 26, 2, 66, 50, 2, 28, 73, 2, 57, 106, 2, 65, 100, 2, 73, 102, 2, 75, 108, 2, 77, 158, 2, 77, 217, 2, 44, 333, 2, 0, 0, 0, 0, 0, 0, 0, 0, 0, 321, 332, 2, 307, 222, 2, 302, 157, 2, 297, 98, 2, 299, 91, 2, 303, 84, 2, 313, 89, 2, 320, 49, 2, 293, 28, 2, 268, 13, 2], "style": 1, "bounding_box": [1, 3, 350, 467], "category_id": 10, "occlusion": 1, "category_name": "short sleeve dress"}}