{"source": "user", "pair_id": 15, "item1": {"segmentation": [[148.1610914338196, 35.22014954742072, 139.7129738947926, 39.26055358782492, 133.46871310507703, 41.09710087891774, 123.91866719139435, 44.035576544666256, 115.47054965236737, 47.34136166863334, 112.16476452840028, 48.810599501507596, 103.34933753115475, 51.38176570903755, 99.6762429489691, 55.78947920766032, 96.37045782500202, 60.56450216450166, 90.49350649350498, 65.339525121343, 85.71848353666365, 68.27800078709151, 78.37229437229236, 74.15495211858854, 73.22996195723246, 82.23576019939696, 72.12803358257676, 92.52042502951676, 65.14915387642404, 130.72060868424745, 54.129870129867115, 165.61500721501108, 49.34540207267543, 181.35012462285061, 43.468450741178394, 189.7982421618776, 37.958808867899926, 212.57142857142858, 43.83576019939696, 287.5025580480157, 47.87616423980117, 345.53745244654885, 49.34645152826991, 364.4597664961291, 31.715597533778823, 429.47354060081494, 17.02321920503625, 484.20264987538104, 0.0, 538.5801915256459, 0.0, 548.4975468975471, 4.555476846385785, 551.8033320215142, 49.36723074905064, 555.4764266036998, 58.69237703311671, 623.0, 92.16288457770004, 621.4041936116033, 171.17523025671642, 602.1998040368424, 160.74999020184623, 555.560572212423, 222.20403684108118, 554.4631785224367, 295.1807172251727, 550.6223006074845, 386.75790711346605, 542.9436801881236, 447.11456006271465, 536.3593180482055, 430.6536547129196, 451.3113070742643, 414.1927493631245, 361.87372134037764, 407.45193023711556, 336.96037624926527, 389.8936311973341, 301.84377816970243, 395.3805996472658, 289.77244757985267, 405.25714285714287, 273.8602390750508, 416.2310797570062, 222.83143249068604, 421.71804820693797, 199.23746815597974, 416.7797766019994, 187.16613756613, 410.1954144620814, 173.44871644130077, 403.0623554771702, 154.24432686653986, 399.221477562218, 141.62429943169695, 397.5753870272385, 127.90687830686772, 389.8519742883384, 117.72016266561815, 382.50578512396714, 51.97176964449512, 377.14285714285717, 29.34004984914024, 374.20438147710865, 30.07466876557737, 367.22550177095593, 33.38045388954445, 361.7158598976775, 34.115072805981576, 354.3696707333062, 34.115072805981576, 346.28886265249776, 33.74776334776301, 331.5964843237552, 31.91121605667019, 316.9041059950126, 28.60543093270311, 304.4155844155814, 32.64583497310732, 301.1097992916143, 42.93049980322712, 291.55975337793166, 45.50166601075707, 285.3154925882161, 45.868975468975634, 279.8058507149376, 45.134356552538506, 272.8269710087849, 42.56319034500856, 262.90961563688364, 39.25740522104148, 252.2576413485453, 40.72664305391574, 230.00351567624483, 46.79921290830414, 219.35154138790648, 50.47230749048978, 210.9034238488795, 52.67616423980117, 206.12840089203814, 54.512711530893995, 197.68028335301116, 55.61463990554969, 180.0494293585201, 54.14540207267543, 160.2147186147176, 47.53383182474127, 155.43969565787626, 43.86073724255563]], "scale": 3, "viewpoint": 1, "zoom_in": 2, "landmarks": [230, 49, 2, 149, 37, 2, 176, 100, 2, 239, 147, 2, 284, 95, 2, 308, 32, 2, 86, 72, 2, 120, 247, 2, 143, 410, 2, 149, 512, 2, 172, 599, 2, 0, 0, 0, 54, 521, 2, 58, 397, 2, 52, 288, 2, 42, 193, 2, 49, 235, 1, 47, 384, 2, 0, 0, 0, 224, 554, 2, 445, 537, 2, 412, 372, 2, 416, 218, 2, 401, 166, 2, 353, 285, 2, 303, 394, 2, 258, 468, 2, 211, 554, 2, 120, 513, 1, 164, 426, 2, 211, 323, 2, 286, 188, 2, 370, 35, 2], "style": 3, "bounding_box": [0, 28, 447, 623], "category_id": 2, "occlusion": 1, "category_name": "long sleeve top"}}