{"source": "user", "pair_id": 17, "item1": {"segmentation": [[22.857142857142858, 16.703296703296704, 28.13186813186813, 10.989010989010989, 34.285714285714285, 7.032967032967033, 39.120879120879124, 3.5164835164835164, 44.395604395604394, 0.43956043956043955, 201.75824175824175, 0.0, 197.36263736263737, 8.791208791208792, 196.4835164835165, 19.340659340659343, 196.4835164835165, 31.64835164835165, 197.36263736263737, 42.1978021978022, 200.0, 50.98901098901099, 203.95604395604397, 57.582417582417584, 207.47252747252747, 61.97802197802198, 213.1868131868132, 64.61538461538461, 225.4945054945055, 68.57142857142857, 241.3186813186813, 70.32967032967034, 252.74725274725276, 70.76923076923077, 265.9340659340659, 67.6923076923077, 278.6813186813187, 62.85714285714286, 285.7142857142857, 58.46153846153847, 288.35164835164835, 56.70329670329671, 290.989010989011, 61.97802197802198, 291.42857142857144, 67.25274725274726, 295.3846153846154, 72.96703296703296, 299.0, 80.43956043956044, 299.0, 337.14285714285717, 289.2307692307692, 332.3076923076923, 269.4505494505495, 328.7912087912088, 255.3846153846154, 327.91208791208794, 235.60439560439562, 327.03296703296706, 221.97802197802199, 329.6703296703297, 218.46153846153848, 341.53846153846155, 217.14285714285714, 373.62637362637366, 196.92307692307693, 361.31868131868134, 185.05494505494505, 351.64835164835165, 184.6153846153846, 339.7802197802198, 188.13186813186815, 330.54945054945057, 192.0879120879121, 321.31868131868134, 196.04395604395606, 308.57142857142856, 207.47252747252747, 298.9010989010989, 211.86813186813188, 287.91208791208794, 212.74725274725276, 276.4835164835165, 216.26373626373626, 265.4945054945055, 219.7802197802198, 258.02197802197804, 221.53846153846155, 250.54945054945057, 221.97802197802199, 239.56043956043956, 218.46153846153848, 235.60439560439562, 218.90109890109892, 230.32967032967034, 210.989010989011, 232.96703296703296, 196.92307692307693, 238.6813186813187, 181.53846153846155, 249.23076923076923, 168.35164835164835, 261.53846153846155, 157.36263736263737, 278.6813186813187, 147.6923076923077, 295.3846153846154, 141.97802197802199, 313.84615384615387, 135.82417582417582, 337.5824175824176, 130.1098901098901, 347.6923076923077, 122.63736263736264, 355.6043956043956, 116.48351648351648, 364.83516483516485, 109.45054945054946, 373.1868131868132, 98.46153846153847, 371.86813186813185, 91.86813186813187, 367.03296703296706, 84.83516483516483, 360.0, 72.96703296703296, 347.25274725274727, 61.0989010989011, 335.8241758241758, 45.714285714285715, 327.4725274725275, 33.84615384615385, 318.6813186813187, 24.615384615384617, 294.94505494505495, 13.626373626373628, 285.2747252747253, 0.0, 273.4065934065934, 0.43956043956043955, 45.714285714285715, 10.54945054945055, 36.48351648351648, 15.384615384615385, 29.01098901098901, 18.021978021978022, 21.53846153846154]], "scale": 3, "viewpoint": 2, "zoom_in": 2, "landmarks": [247, 33, 1, 0, 0, 0, 197, 33, 2, 207, 63, 2, 248, 69, 2, 287, 58, 2, 0, 0, 0, 0, 0, 0, 25, 18, 2, 0, 0, 0, 0, 0, 0, 11, 192, 2, 40, 157, 2, 54, 122, 2, 82, 92, 2, 100, 55, 2, 88, 78, 2, 57, 123, 2, 26, 175, 2, 0, 0, 0, 0, 0, 0, 46, 327, 1, 130, 347, 2, 147, 299, 2, 171, 260, 2, 188, 244, 2, 211, 235, 2, 221, 231, 2, 221, 253, 2, 213, 281, 2, 200, 306, 2, 187, 339, 2, 0, 0, 0, 0, 0, 0, 0, 0, 0, 0, 0, 0, 0, 0, 0], "style": 1, "bounding_box": [1, 1, 299, 378], "category_id": 11, "occlusion": 1, "category_name": "long sleeve dress"}}