{"source": "user", "pair_id": 23, "item1": {"segmentation": [[223.22659359975194, 4.876182598355843, 183.274156025435, 10.583673680401123, 156.78643436902303, 16.1844594943907, 134.90771855451612, 31.88005997001522, 116.35837253786896, 54.710024298196345, 96.38215375071049, 87.52809801995669, 87.34529287080547, 125.57803856692522, 79.25968050457465, 175.99420979165853, 74.97906219304069, 216.4222716228126, 78.96686139688877, 220.172672284547, 88.95497079046801, 220.172672284547, 103.22369849558122, 222.55079356873253, 120.34617174171704, 228.2582846507778, 136.51739647417867, 241.10013958537968, 150.31049992245477, 253.46637026314446, 156.01799100450003, 262.9788553998866, 150.78612417929187, 308.6387840562488, 147.45675438143212, 340.0299850074979, 142.22488755622396, 382.8361681228374, 141.74926329938685, 392.8242775164167, 133.18802667631894, 434.20358786124496, 122.56382153750751, 467.97125575143343, 107.3438453187201, 516.0093056919812, 101.6363542366748, 534.5586517086284, 97.83136018197796, 556.9129917799723, 95.92886315462954, 592.1091867859183, 94.50199038411822, 624.9272605076786, 92.03949749263313, 662.2335728687361, 90.61262472212182, 675.075427803338, 91.08824897895893, 684.5879129400801, 94.41761877681867, 698.3810163883562, 108.21072222509477, 706.9422530114241, 131.516310810113, 716.4547381481663, 146.7362870289004, 723.5891020007228, 181.45685777800918, 733.101587137465, 197.6280825104708, 741.6628237605329, 210.46993744507267, 743.0896965310442, 240.4342656258104, 748.7971876130895, 267.5448482655255, 754.0290544382976, 297.9848007031003, 757.8340484929945, 309.87540712402796, 745.9434420720669, 330.868221061883, 706.4624928914851, 350.84443984904146, 665.558806803494, 359.8813007289465, 642.2532182184757, 371.2962828930371, 609.9107687535525, 379.85751951610496, 589.934549966394, 382.2356408002905, 571.3852039497468, 386.99188336866155, 544.7502455668689, 387.4675076254987, 526.2008995502217, 393.952540970894, 488.34286305123146, 397.28191076875373, 472.647262575607, 414.8800082717267, 430.3167037171045, 425.343741922143, 410.340484929946, 446.7286356821587, 373.9854210825626, 465.2779816988059, 350.6798324975444, 467.0, 344.0210929018249, 467.0, 107.1304347826087, 458.52163573385775, 118.45194644057264, 438.06979268986214, 138.4281652277311, 420.9473194437263, 151.270020162333, 405.2517189681018, 159.3556325285638, 382.42175463992066, 169.81936617898015, 355.7867962570427, 174.09998449051412, 333.9080804425358, 173.624360233677, 303.468128004961, 160.78250529907513, 284.66649433903825, 147.46089024453414, 271.3490151475993, 129.86279274156118, 261.36090575402005, 110.36219821123981, 248.04342656258106, 88.95910665357002, 234.6415757638425, 58.074962518741316, 226.08033914077458, 32.86687690637467]], "scale": 3, "viewpoint": 2, "zoom_in": 2, "landmarks": [362, 29, 1, 223, 6, 1, 262, 110, 2, 336, 176, 2, 407, 160, 2, 0, 0, 0, 134, 33, 2, 88, 124, 2, 75, 217, 2, 156, 261, 2, 163, 232, 1, 169, 203, 1, 161, 214, 1, 150, 307, 2, 141, 390, 2, 100, 537, 2, 90, 686, 2, 197, 743, 2, 297, 758, 2, 373, 609, 2, 398, 474, 2, 424, 410, 2, 0, 0, 0, 0, 0, 0, 0, 0, 0, 0, 0, 0, 0, 0, 0, 0, 0, 0, 0, 0, 0], "style": 1, "bounding_box": [64, 5, 465, 763], "category_id": 10, "occlusion": 2, "category_name": "short sleeve dress"}}