{"source": "user", "pair_id": 16, "item1": {"segmentation": [[321.59933774833326, 84.5413907284783, 305.84933774833627, 88.54139072847754, 288.0993377483396, 89.54139072847735, 273.5993377483424, 89.2913907284774, 257.5993377483454, 86.79139072847788, 241.5993377483485, 83.79139072847845, 229.09933774835088, 77.79139072847958, 226.09933774835145, 79.54139072847926, 224.09933774835184, 87.29139072847778, 219.34933774835272, 95.79139072847616, 211.5993377483542, 97.29139072847587, 200.5993377483563, 100.04139072847535, 190.09933774835832, 103.04139072847478, 182.09933774835983, 103.04139072847478, 171.8493377483618, 99.79139072847539, 154.8256070640056, 98.87774624198696, 140.08637803906495, 100.69180519890273, 131.0160832544861, 101.37207730774614, 114.00928053340074, 99.55801835083037, 92.9208451592549, 99.10450361160142, 73.8732261116393, 98.87774624198696, 58.00021023862631, 98.65098887237248, 50.89638077592052, 104.41913394008488, 44.09108777025057, 119.16393545236977, 37.85290251505312, 133.34162921418218, 29.91339400843817, 145.6289638077529, 21.97388550182323, 161.31894490415863, 14.69325403341099, 182.24275263168235, 10.285540534789419, 203.91401066657173, 5.143208119730922, 219.34100791174723, 0.0, 226.44357345586906, 0.4387319252514743, 509.6292174458172, 15.823347309862342, 509.037501469486, 48.367726008077625, 507.2623535404924, 77.95352482463699, 507.2623535404924, 122.33222304947601, 506.07892158783005, 154.8766017476913, 503.12034170617414, 174.99494494295166, 503.7120576825053, 214.04819938081002, 503.12034170617414, 231.7996786707456, 496.0197499901999, 260.2332747669109, 494.2617921340704, 281.6618461954764, 491.7107717259078, 294.9271523179218, 493.2413839708054, 326.0496012975051, 489.15975131774525, 352.5802135423958, 491.2005676442753, 373.88007800926596, 487.4555340394607, 383.45343909146965, 482.87697004362417, 407.5949583422441, 482.044503862563, 425.6423841059603, 480.74172185430467, 443.5496688741722, 481.43046357615896, 464.90066225165566, 477.29801324503313, 466.20366282396986, 214.59414602238195, 458.79625541656407, 190.520071948313, 444.59872455236956, 160.89044231868968, 431.32711961410075, 136.50772626931214, 423.9197122066949, 120.76698552857474, 415.2777368980548, 104.40896083722019, 404.16662578694604, 89.9027879977171, 400.15428010793454, 71.6929114545111, 395.9314021414258, 66.42873661605704, 388.44840894414824, 65.74846450721363, 374.38945202805104, 69.60333979065963, 356.92913456773675, 74.592001922178, 341.05611869472375, 80.26093616253978, 329.94500758361465, 82.30175248907003]], "scale": 3, "viewpoint": 1, "zoom_in": 3, "landmarks": [55, 103, 2, 228, 80, 2, 395, 67, 2, 0, 0, 0, 0, 0, 0, 243, 496, 2, 0, 0, 0, 0, 0, 0], "style": 1, "bounding_box": [0, 64, 467, 511], "category_id": 9, "occlusion": 1, "category_name": "skirt"}}