{"source": "user", "pair_id": 5, "item1": {"segmentation": [[248.03809523809588, 224.3047619047617, 244.4825396825403, 238.0825396825396, 247.59365079365142, 249.1936507936508, 259.59365079365153, 256.30476190476196, 260.48253968254045, 256.7492063492064, 274.26031746031833, 260.304761904762, 283.1492063492073, 258.97142857142865, 287.1492063492073, 254.97142857142862, 295.5936507936518, 249.1936507936508, 301.37142857142965, 240.74920634920628, 304.92698412698525, 232.74920634920622, 314.2603174603187, 238.0825396825396, 326.70476190476325, 244.7492063492063, 327.14920634920765, 246.5269841269841, 320.0380952380965, 253.63809523809527, 314.70476190476313, 262.0825396825398, 310.2603174603186, 274.97142857142876, 310.2603174603186, 281.6380952380955, 311.59365079365193, 290.08253968254, 312.48253968254085, 293.6380952380956, 312.9269841269853, 302.08253968254013, 312.48253968254085, 309.1936507936513, 312.48253968254085, 309.63809523809573, 309.37142857142976, 319.860317460318, 309.37142857142976, 320.74920634920693, 305.68326078353783, 341.7038385437276, 304.2982192322913, 349.18306292045895, 302.0821527502968, 357.21630391768895, 298.20403640680644, 373.5597942223982, 297.09600316580924, 378.2689354966364, 294.6029283735654, 381.8700435298774, 289.6167787890779, 391.288326078354, 289.06276216857924, 395.4434507320936, 287.67772061733274, 400.4296003165812, 284.9076375148396, 406.24677483181665, 284.9076375148396, 413.4489908982987, 284.9076375148396, 421.4822318955287, 284.6306292045903, 432.83957261575034, 283.24558765334376, 438.3797388207365, 279.980371982588, 456.3222793826674, 277.21028888009494, 467.12560348239043, 275.8252473288484, 473.7738029283738, 273.6091808468539, 482.915077166601, 271.94713098535806, 491.2253264740803, 268.62303126236634, 500.6436090225568, 266.9609814008705, 507.29180846854024, 265.8529481598732, 514.217016224773, 263.63688167787876, 520.0341907400085, 261.99730906212903, 530.2116343490304, 260.0582508903839, 547.1091412742383, 257.28816778789076, 553.2033240997231, 254.5180846853977, 550.7102493074792, 252.85603482390184, 550.7102493074792, 248.97791848041152, 550.43324099723, 243.71476058567464, 547.1091412742383, 240.11365255243362, 545.7240997229917, 234.85049465769674, 546.2781163434903, 229.86434507320917, 547.9401662049862, 227.6482785912147, 552.6493074792244, 223.7701622477244, 555.4193905817175, 214.35187969924786, 553.4803324099723, 205.21060546102066, 551.8182825484765, 202.71753066877687, 547.6631578947369, 201.05548080728101, 544.8930747922437, 198.00838939453863, 544.6160664819945, 195.79232291254414, 545.7240997229917, 193.29924812030038, 551.8182825484765, 189.42113177681003, 558.7434903047092, 186.09703205381834, 562.0675900277009, 180.0028492283335, 561.7905817174516, 174.46268302334732, 560.6825484764544, 168.64550850811185, 557.3584487534627, 166.983458646616, 555.1423822714683, 165.59841709536943, 550.9872576177286, 165.87542540561876, 545.7240997229917, 164.2133755441229, 546.2781163434903, 160.05825089038325, 547.9401662049862, 156.22920459042354, 549.9156311832212, 150.41203007518806, 545.4834982192323, 149.3039968341908, 539.943332014246, 148.19596359319357, 537.4502572220023, 146.81092204194704, 535.2341907400079, 141.82477245745946, 534.1261574990106, 131.2984566679857, 532.4641076375148, 123.81923229125437, 527.4779580530271, 121.04914918876128, 524.1538583300355, 118.27906608626819, 519.7217253660465, 116.34000791452301, 514.4585674713096, 116.89402453502163, 508.9184012663235, 118.55607439651749, 505.3172932330824, 118.8330827067668, 500.6081519588442, 116.61701622477233, 497.56106054610177, 109.9688167787889, 494.23696082311005, 109.9688167787889, 494.23696082311005, 101.10455085081102, 491.466877720617, 100.8275425405617, 486.7577364463787, 104.42865057380271, 481.77158686189114, 103.5976256430548, 474.0153541749105, 103.04360902255618, 469.5832212109216, 103.32061733280548, 464.597071626434, 104.42865057380271, 461.8269885239409, 106.9217253660465, 455.1787890779575, 109.69180846853959, 451.5776810447164, 112.18488326078338, 447.6995647012261, 115.7859912940244, 440.49734863474407, 117.44804115552026, 438.0042738425003, 122.50668777206177, 429.4796992481203, 128.04685397704793, 420.6154333201424, 132.20197863078758, 413.6902255639097, 134.14103680253274, 409.25809259992076, 138.85017807677102, 402.332884843688, 140.23521962801755, 398.731776810447, 158.26387020182028, 377.51072417886826, 165.74309457855162, 368.64645825089036, 169.34420261179264, 358.3971507716659, 179.8705184012664, 340.3916106054608, 183.4716264345074, 330.9733280569843, 185.13367629600327, 327.6492283339926, 188.18076770874566, 321.27803719825846, 190.95085081123875, 316.56889592402024, 193.1669172932332, 311.58274633953266, 195.1059754649784, 305.4885635140478, 196.49101701622493, 301.6104471705575, 202.15876533438845, 279.48523941432535, 205.75987336762947, 273.11404827859127, 206.5908982983774, 270.62097348634745, 207.42192322912533, 264.2497823506134, 211.57704788286497, 251.23039176889583, 214.07012267510873, 246.52125049465755, 217.67123070834975, 236.82595963593175, 220.99533043134147, 228.79271863870179, 220.99533043134147, 225.74562722595937, 221.8263553620894, 224.91460229521144, 223.48840522358526, 224.0835773644635, 227.64352987732488, 223.5295607439649, 235.12275425405625, 224.36058567471284, 243.71001187178481, 224.0835773644635]], "scale": 2, "viewpoint": 2, "zoom_in": 1, "landmarks": [268, 244, 1, 248, 225, 2, 242, 245, 2, 263, 257, 2, 286, 255, 1, 304, 234, 1, 221, 228, 2, 207, 272, 2, 198, 301, 2, 184, 332, 2, 140, 399, 2, 103, 493, 2, 169, 552, 2, 258, 551, 2, 280, 456, 2, 299, 376, 2, 312, 329, 2, 312, 291, 2, 325, 248, 1], "style": 3, "bounding_box": [97, 218, 328, 567], "category_id": 12, "occlusion": 2, "category_name": "vest dress"}}