{"source": "user", "pair_id": 15, "item1": {"segmentation": [[162.1839261748388, 85.76555162009613, 155.20504646868608, 89.80595566050035, 147.49154784609624, 93.47905024268599, 142.34921543103633, 96.78483536665307, 135.3703357248836, 99.72331103240158, 127.65683710229375, 101.92716778171297, 111.86253039889547, 104.49833398924292, 99.74131827768285, 108.17142857142856, 85.78355886537742, 114.41568936114416, 73.66234674416478, 121.76187852551544, 60.439206248296465, 138.29080414535085, 46.11413737777245, 154.0851108487491, 36.19678200587121, 168.41017971927312, 0.0, 219.1164835164835, 0.0, 414.56635672020866, 31.82299239222404, 344.74387151310435, 43.65731191885189, 312.79120879120916, 44.840743871514675, 306.87404902789524, 48.39103972950303, 303.3237531699069, 52.53305156382278, 299.18174133558716, 64.36737109045063, 288.5308537616221, 70.28453085376455, 283.79712595097095, 75.0182586644157, 275.5131022823315, 83.54662154454559, 274.627232974637, 86.66080839575679, 295.0424578881327, 87.69887067949387, 304.0389976805206, 89.77499524696799, 315.1116620403826, 90.46703676945937, 321.68605650405067, 93.92724438191625, 339.3331153275808, 92.5431613369335, 354.9040495836368, 80.77845545458008, 397.1185824556108, 76.28018555838614, 423.76218107152886, 59.15934065933728, 486.8239560439564, 50.61868131868132, 522.1351648351648, 42.2978021978022, 542.243956043956, 42.99120879120879, 608.1175824175824, 69.34065934065934, 605.343956043956, 99.85054945054945, 599.1032967032967, 117.87912087912088, 599.1032967032967, 140.76153846153846, 592.8626373626373, 156.0164835164835, 592.1692307692307, 172.65824175824176, 588.0087912087912, 184.44615384615383, 587.3153846153846, 196.9274725274725, 585.2351648351648, 244.07912087912086, 597.0230769230769, 260.7208791208791, 608.8109890109889, 273.20219780219776, 616.4384615384615, 280.13626373626374, 617.8252747252747, 294.69780219780216, 619.9054945054945, 307.87252747252745, 622.6791208791209, 316.8868131868132, 621.2923076923076, 324.5142857142857, 619.9054945054945, 332.1417582417582, 613.6648351648352, 339.7692307692308, 609.5043956043955, 362.6516483516483, 608.1175824175824, 382.06703296703296, 608.8109890109889, 404.2560439560439, 611.5846153846153, 416.7373626373626, 613.6648351648352, 427.1384615384615, 614.3582417582418, 441.7, 614.3582417582418, 448.6340659340659, 606.7307692307692, 467.0, 590.089010989011, 457.0453715009266, 571.6323113100885, 446.07143460106323, 558.4635870302525, 442.7792535311042, 495.91214670103113, 431.8053166312408, 432.2633126818235, 420.28268288638424, 403.7310767421787, 425.492371003482, 332.7928835225114, 420.5540993985435, 279.5692895581739, 413.58989131581706, 250.38606551199044, 430.59949351060527, 260.2626087218675, 465.7160915901681, 287.69745097152594, 467.0, 162.59457031308335, 438.8299461855028, 141.19539335834975, 420.72295030072826, 135.15972806342486, 411.94380078083753, 130.22145645848636, 403.71334810594, 115.40664164367078, 394.3855017410561, 107.17618896877323, 386.15504906615854, 101.68922051884155, 376.2785058562815, 98.94573629387571, 362.5610847314523, 92.36137415395766, 348.84366360662307, 90.16658677398499, 340.06451408673234, 86.87440570402597, 325.24969927191677, 94.55616153393035, 313.7270655270602, 102.7866142088279, 263.7956526326818, 108.82227950375275, 240.20168829797552, 108.82227950375275, 216.74684423943688, 108.51513137068726, 187.6659114547989, 95.3464070908512], [0.6934065934065934, 461.8087912087912, 43.684615384615384, 560.965934065934, 46.458241758241755, 610.8912087912088, 17.335164835164836, 616.4384615384615, 0.0, 616.4384615384615]], "scale": 3, "viewpoint": 1, "zoom_in": 2, "landmarks": [260, 111, 2, 162, 86, 2, 173, 167, 2, 234, 220, 2, 304, 175, 2, 341, 91, 2, 78, 120, 2, 0, 0, 0, 0, 0, 0, 0, 0, 0, 0, 0, 0, 0, 0, 0, 0, 0, 0, 0, 0, 0, 37, 333, 2, 82, 265, 2, 88, 294, 2, 78, 420, 2, 45, 606, 2, 244, 599, 2, 0, 0, 0, 425, 413, 2, 411, 267, 2, 402, 244, 2, 0, 0, 0, 0, 0, 0, 0, 0, 0, 0, 0, 0, 0, 0, 0, 0, 0, 0, 0, 0, 0, 0, 0, 0, 390, 109, 2], "style": 3, "bounding_box": [0, 83, 467, 630], "category_id": 2, "occlusion": 1, "category_name": "long sleeve top"}}