{"source": "user", "pair_id": 6, "item1": {"segmentation": [[0.6857142857142857, 45.25714285714286, 14.4, 50.05714285714286, 38.4, 60.34285714285715, 65.82857142857144, 78.85714285714286, 81.60000000000001, 94.62857142857143, 94.62857142857143, 119.31428571428572, 93.94285714285715, 86.4, 87.77142857142857, 58.971428571428575, 76.11428571428571, 39.77142857142857, 61.714285714285715, 24.685714285714287, 58.28571428571429, 18.514285714285716, 67.2, 14.4, 82.97142857142858, 12.342857142857143, 104.22857142857143, 10.285714285714286, 117.94285714285715, 11.657142857142858, 139.8857142857143, 32.22857142857143, 150.85714285714286, 58.971428571428575, 163.20000000000002, 95.31428571428572, 168.0, 124.11428571428571, 178.2857142857143, 169.37142857142857, 186.51428571428573, 180.34285714285716, 207.77142857142857, 189.25714285714287, 229.71428571428572, 200.22857142857143, 250.9714285714286, 214.62857142857143, 259.8857142857143, 219.42857142857144, 265.74742180896027, 216.9563632948247, 277.02857142857147, 207.0857142857143, 305.14285714285717, 181.02857142857144, 318.8571428571429, 147.42857142857144, 334.62857142857143, 116.57142857142858, 357.25714285714287, 62.400000000000006, 373.02857142857147, 33.6, 384.6857142857143, 2.0571428571428574, 411.42857142857144, 5.485714285714286, 434.0571428571429, 14.4, 449.14285714285717, 21.942857142857143, 466.28571428571433, 35.65714285714286, 467.0, 47.31428571428572, 467.0, 66.51428571428572, 467.0, 107.65714285714286, 450.51428571428573, 117.25714285714287, 425.14285714285717, 130.2857142857143, 408.6857142857143, 143.31428571428572, 399.0857142857143, 159.0857142857143, 397.7142857142857, 171.42857142857144, 399.7714285714286, 185.14285714285714, 394.6412698412699, 179.568253968254, 392.41904761904766, 183.12380952380954, 388.8634920634922, 188.90158730158726, 380.4190476190478, 192.4571428571428, 376.41904761904783, 210.67936507936486, 375.0857142857145, 232.012698412698, 372.4190476190479, 244.90158730158677, 364.41904761904794, 262.6793650793644, 356.419047619048, 274.6793650793643, 348.28845684230316, 284.62582887198255, 344.6066685451302, 294.0932844932843, 341.45085000469635, 303.2977552362165, 343.29174415328276, 318.8138630600165, 338.90793650793654, 353.4349206349204, 336.7889546351085, 372.5807457499767, 338.10387902695595, 380.99626185780045, 338.36686390532543, 387.30789893866825, 334.42209072978306, 392.0416267493191, 334.948060486522, 402.0350521273598, 333.1071663379356, 408.3466892082276, 331.79224194608815, 412.81743214050897, 326.2695595003288, 419.39205409974625, 321.53583168967793, 441.74576876115304, 318.905982905983, 448.58337559875986, 314.43523997370164, 453.3171034094107, 303.1268902038135, 460.15471024701753, 295.76331360946773, 463.3105287874514, 274.162937916784, 463.2331360946746, 249.17937447168228, 462.1811965811966, 231.29640274255684, 460.6032873109797, 191.58568610876358, 456.9214990138068, 162.5024138254906, 448.52131116746494, 151.98301869071094, 441.15773457311917, 143.83048746125667, 430.90132431670895, 134.7662252277637, 419.4736545505773, 128.98055790363486, 405.27247111862476, 127.40264863341793, 396.330985254062, 126.08772424157046, 391.5972574434112, 124.24683009298401, 388.44143890297727, 124.772799849723, 373.45130083591624, 122.14295106602808, 365.0357847280925, 120.30205691744163, 345.0489339720111, 117.93519301211622, 338.2113271344043, 116.09429886352977, 321.11731004038734, 117.67220813374672, 302.4453836761534, 117.67220813374672, 283.51047243355004, 114.35454118531042, 274.40849065464454, 111.19872264487651, 265.20401991171235, 105.93902507748668, 252.8437306283462, 103.57216117216126, 246.7950784258479, 94.89366018596803, 231.27897060204788, 86.47814407814428, 214.71092326476992, 86.21515919977479, 221.02256034563771, 86.74112895651378, 233.38284962900383, 82.27384239691915, 238.2776744622896, 81.22190288344119, 230.91409786794387, 78.06608434300729, 222.49858176012012, 72.54340189724796, 216.4499295576218, 64.9168404245327, 211.97918662534045, 52.03058138442759, 204.61561003099467, 35.98850380388859, 199.8818822203438, 0.0, 193.3714285714286]], "scale": 3, "viewpoint": 2, "zoom_in": 2, "landmarks": [224, 43, 1, 119, 12, 1, 170, 124, 1, 257, 221, 2, 337, 116, 1, 385, 4, 1, 58, 20, 2, 0, 0, 0, 0, 0, 0, 87, 234, 2, 90, 182, 2, 95, 121, 2, 86, 209, 2, 109, 254, 2, 119, 305, 2, 127, 368, 2, 157, 446, 2, 237, 462, 2, 323, 448, 2, 335, 373, 2, 340, 317, 2, 356, 272, 2, 372, 233, 2, 370, 149, 2, 379, 168, 2, 383, 187, 2, 0, 0, 0, 0, 0, 0, 410, 7, 2], "style": 1, "bounding_box": [0, 0, 467, 466], "category_id": 10, "occlusion": 1, "category_name": "short sleeve dress"}}