{"source": "user", "pair_id": 23, "item1": {"segmentation": [[209.50495407863198, 153.5849432203774, 207.00755553544775, 149.00637922453967, 195.35302900058807, 142.7628828665791, 177.45500610776782, 139.01678505180277, 174.1251413835222, 139.01678505180277, 151.23232140433348, 151.50377776772388, 144.57259195584223, 156.4985748540923, 134.16676469257465, 167.7368682984213, 126.25833597249127, 191.46215445867142, 124.17717051983774, 197.705650816632, 127.12482468443298, 220.92277066461497, 135.03325340451633, 253.80518481654056, 138.36311812876198, 271.28697461883013, 138.36311812876198, 288.76876442111967, 138.77935121929266, 324.56481020676017, 138.77935121929266, 348.70632945754096, 142.1092159435383, 363.6907207166463, 152.9312762973366, 380.3400443378745, 175.4078631859946, 407.3951952223702, 185.34606162059436, 419.6172465276199, 200.74668597023037, 443.7587657784007, 212.4012125050901, 463.7379541238745, 215.7310772293357, 474.97624756820346, 230.4671764013931, 523.2426367461417, 238.37560512147647, 547.8003890874531, 246.70026693209053, 570.2769759761112, 256.6898611048274, 579.4341039677867, 289.9885083472837, 596.9158937700762, 304.97289960638903, 608.1541872144052, 319.54105777496363, 613.981450481835, 326.35135501968085, 618.5484323395015, 333.8435506492335, 623.0, 406.26810840157594, 623.0, 418.33886802696634, 615.2185676152559, 426.6635298375804, 606.8939058046418, 438.7342894629708, 595.239379269782, 441.97071872227144, 592.7879325643299, 436.8686779059448, 562.1756876663702, 429.16173913043446, 526.4695652173899, 424.04173913043434, 516.2295652173897, 411.2417391304341, 484.8695652173891, 406.761739130434, 471.4295652173888, 392.0417391304337, 441.98956521738825, 379.8817391304335, 411.9095652173877, 382.4417391304336, 388.8695652173872, 389.48173913043365, 392.06956521738726, 396.52173913043384, 402.9495652173875, 402.92173913043393, 418.94956521738777, 406.761739130434, 417.6695652173878, 406.121739130434, 406.7895652173876, 417.64173913043425, 395.90956521738735, 435.5617391304346, 384.38956521738714, 456.681739130435, 379.269565217387, 467.0, 379.269565217387, 467.0, 283.26956521738515, 467.0, 236.93913043478267, 453.4817391304349, 229.8991304347825, 438.1217391304346, 224.77913043478242, 438.1217391304346, 214.53913043478224, 431.08173913043447, 210.05913043478213, 408.68173913043404, 210.05913043478213, 384.3617391304336, 208.7791304347821, 371.56173913043335, 208.1391304347821, 361.3217391304331, 200.45913043478194, 349.1617391304329, 196.61913043478188, 339.5617391304327, 204.93913043478204, 318.4417391304323, 223.4991304347824, 295.40173913043185, 246.53913043478283, 280.68173913043154, 260.61913043478313, 265.9617391304313, 272.13913043478334, 246.7617391304309, 279.81913043478346, 230.76173913043058, 284.9391304347836, 207.72173913043014, 284.9391304347836, 203.24173913043006, 282.3791304347835, 190.4417391304298, 269.5791304347833, 185.9617391304297, 252.29913043478297, 186.60173913042973, 226.05913043478245, 187.24173913042972, 212.6191304347822, 189.1617391304298, 194.69913043478184, 197.48173913042993, 172.93913043478142, 203.24173913043006, 163.97913043478124]], "scale": 3, "viewpoint": 3, "zoom_in": 2, "landmarks": [273, 164, 1, 209, 154, 1, 186, 216, 2, 205, 280, 2, 286, 260, 2, 350, 197, 1, 149, 156, 2, 125, 195, 2, 0, 0, 0, 0, 0, 0, 0, 0, 0, 140, 271, 1, 141, 362, 2, 186, 421, 2, 215, 476, 2, 229, 524, 2, 245, 571, 2, 326, 618, 2, 444, 592, 2, 422, 518, 2, 407, 474, 2, 390, 440, 2, 378, 411, 2, 381, 386, 2, 394, 402, 2, 403, 421, 2, 0, 0, 0, 0, 0, 0, 429, 214, 2], "style": 1, "bounding_box": [106, 134, 467, 622], "category_id": 10, "occlusion": 1, "category_name": "short sleeve dress"}}