{"source": "user", "pair_id": 23, "item1": {"segmentation": [[263.7894736842105, 246.2880886426593, 261.01939058171746, 251.2742382271468, 258.803324099723, 253.7673130193906, 258.2493074792244, 257.09141274238226, 257.69529085872574, 260.9695290858726, 260.1883656509695, 262.90858725761774, 262.9584487534626, 264.29362880886424, 264.8975069252077, 265.1246537396122, 266.005540166205, 265.4016620498615, 269.05263157894734, 266.2326869806094, 274.3157894736842, 265.9556786703601, 280.13296398891964, 264.29362880886424, 284.01108033240996, 262.63157894736844, 288.4432132963989, 260.1385041551247, 290.93628808864264, 258.4764542936288, 301.18559556786704, 251.82825484764544, 304.2326869806094, 249.61218836565098, 305.8947368421052, 248.22714681440445, 312.54293628808864, 252.93628808864267, 316.97506925207756, 254.5983379501385, 319.4681440443213, 255.98337950138506, 321.1301939058171, 256.81440443213296, 325.96443489676574, 262.68958109559617, 327.32497911445284, 268.812030075188, 327.7784938536819, 275.16123642439436, 329.36579544098345, 287.406134383578, 329.36579544098345, 300.1045470819907, 328.9122807017544, 302.3721207781358, 328.0052512232964, 302.14536340852135, 323.47010383100616, 301.9186060389068, 320.06874328678845, 302.5988781477503, 317.1208974817998, 303.7326649958229, 308.9576321756773, 306.6805108008116, 305.55627163145965, 308.26781238811316, 301.47463897839845, 311.8959303019453, 301.0211242391694, 321.41973982575485, 300.20861678004536, 345.03902613677053, 300.6621315192744, 348.44038668098824, 303.83673469387753, 395.8326769304213, 308.8253968253968, 430.52655448144174, 308.8079723117317, 449.031149301826, 309.26148705096074, 466.26470939252897, 306.9939133548156, 467.8520109798306, 298.83064804869315, 468.9857978279031, 294.97577276524646, 468.9857978279031, 292.0279269602578, 469.43931256713216, 289.30683852488363, 470.1195846759757, 285.9054779806659, 470.7998567848192, 277.968970044158, 471.48012889366277, 277.2886979353145, 471.7068862632773, 267.53813104189044, 472.1604010025063, 263.6832557584437, 471.7068862632773, 259.14810836615345, 470.1195846759757, 256.4270199307793, 468.3055257190596, 253.70593149540517, 467.17173887098704, 243.95536460198113, 465.13092254445644, 240.78076142737797, 464.4506504356129, 236.47237140470222, 463.77037832676933, 232.6174961212555, 463.31686358754035, 228.9893782074233, 462.6365914786968, 223.16744241556273, 459.6004296455425, 218.63229502327246, 456.8793412101683, 217.95202291442894, 455.2920396228667, 218.40553765365797, 448.71607590404585, 219.0858097625015, 444.63444325098465, 221.80689819787565, 436.9246926840912, 223.39419978517725, 431.02900107411386, 224.98150137247882, 422.63897839837693, 225.88853085093686, 416.9700441580141, 226.3420455901659, 413.56868361379645, 228.156104547082, 400.87027091538374, 228.83637665592553, 392.7070056092613, 229.74340613438358, 387.03807136889844, 231.55746509129966, 377.96777658431796, 232.91800930898677, 369.57775390858103, 235.42355889724314, 355.19417591598045, 236.33058837570118, 349.97875641484666, 238.1446473326173, 342.49576321756774, 238.5981620718463, 337.9606158252775, 239.95870628953338, 329.34383577992605, 240.63897839837693, 325.7157178660938, 241.09249313760594, 321.1805704738036, 241.31925050722046, 318.91299677765846, 239.73194891991886, 311.8835183196086, 239.05167681107534, 308.25540040577636, 237.69113259338826, 303.94701038310063, 237.23761785415923, 301.2259219477265, 236.5573457453157, 299.6386203604249, 232.70247046186898, 297.3710466642798, 228.84759517842227, 294.4232008592911, 229.52786728726582, 292.3823845327605, 231.3419262441819, 286.48669292278316, 232.9292278314835, 282.6318176393365, 234.9700441580141, 277.4163981382027, 236.0014321518081, 268.67191788996297, 237.13521899988066, 263.9100131280582, 237.8154911087242, 260.7354099534551, 238.72252058718226, 258.46783625730995, 241.89712376178542, 253.93268886501968, 243.03091060985798, 252.3453872777181, 244.84496956677407, 251.21160042964553, 247.11254326291922, 250.75808569041652, 249.15335958944982, 250.3045709511875, 251.42093328559494, 249.17078410311493, 255.04905119942714, 248.26375462465688]], "scale": 1, "viewpoint": 3, "zoom_in": 1, "landmarks": [0, 0, 0, 265, 246, 2, 258, 258, 2, 266, 265, 2, 291, 258, 2, 305, 248, 2, 245, 252, 2, 236, 277, 2, 230, 293, 2, 243, 305, 1, 245, 295, 1, 245, 286, 1, 236, 296, 2, 241, 319, 2, 238, 345, 2, 229, 392, 2, 219, 455, 2, 261, 471, 2, 309, 466, 2, 304, 393, 1, 301, 348, 2, 301, 321, 2, 300, 298, 2, 300, 295, 2, 300, 303, 2, 302, 311, 2, 328, 302, 2, 328, 274, 2, 320, 258, 2], "style": 1, "bounding_box": [213, 245, 333, 476], "category_id": 10, "occlusion": 1, "category_name": "short sleeve dress"}}