{"source": "user", "pair_id": 11, "item1": {"segmentation": [[174.85714285714286, 0.5142857142857143, 170.22857142857143, 20.057142857142857, 156.34285714285716, 48.34285714285714, 142.97142857142856, 104.91428571428571, 118.8, 173.31428571428572, 96.17142857142858, 218.05714285714285, 58.628571428571426, 288.51428571428573, 33.42857142857143, 336.8571428571429, 0.0, 393.9428571428571, 0.0, 436.1142857142857, 31.885714285714286, 440.22857142857146, 25.714285714285715, 465.9428571428571, 67.37142857142857, 467.0, 114.68571428571428, 467.0, 122.4, 460.8, 132.68571428571428, 467.0, 194.4, 467.0, 226.8, 467.0, 228.85714285714286, 463.37142857142857, 257.65714285714284, 459.25714285714287, 274.1142857142857, 460.2857142857143, 276.6857142857143, 467.0, 320.9142857142857, 467.0, 346.1142857142857, 467.0, 371.31428571428575, 467.0, 402.6857142857143, 467.0, 415.0285714285714, 465.9428571428571, 431.48571428571427, 464.9142857142857, 459.7714285714286, 459.7714285714286, 478.2857142857143, 458.22857142857146, 479.8285714285714, 467.0, 504.0, 467.0, 556.9714285714285, 467.0, 560.0571428571428, 450.0, 594.0, 449.48571428571427, 664.4571428571429, 414.0, 680.4, 406.8, 708.1714285714286, 403.2, 780.1714285714286, 366.6857142857143, 776.5714285714286, 360.51428571428573, 806.4, 334.2857142857143, 830.0571428571428, 310.1142857142857, 820.8, 299.8285714285714, 796.6285714285715, 276.1714285714286, 750.3428571428572, 239.65714285714287, 669.0857142857143, 175.37142857142857, 636.6857142857143, 148.11428571428573, 620.7428571428571, 135.25714285714287, 608.4, 128.57142857142858, 598.6285714285715, 113.65714285714286, 592.4571428571429, 94.11428571428571, 590.9142857142857, 75.6, 570.3428571428572, 0.0], [571.3714285714286, 0.0, 175.37142857142857, 0.0, 170.60879120879122, 20.06407438715131, 160.40169061707522, 43.43685545224008, 135.77142857142857, 127.54285714285714, 115.2, 176.4, 110.05714285714286, 192.85714285714286, 91.54285714285714, 228.34285714285716, 65.82857142857144, 275.65714285714284, 37.542857142857144, 323.48571428571427, 0.0, 398.0571428571429, 0.0, 435.6, 22.62857142857143, 438.1714285714286, 60.68571428571428, 445.8857142857143, 124.97142857142858, 462.34285714285716, 135.25714285714287, 466.9714285714286, 249.94285714285715, 467.0, 271.0285714285714, 459.7714285714286, 273.0857142857143, 467.0, 335.31428571428575, 467.0, 343.54285714285714, 459.7714285714286, 349.7142857142857, 461.8285714285714, 356.9142857142857, 467.0, 412.9714285714286, 467.0, 436.62857142857143, 462.8571428571429, 438.1714285714286, 459.7714285714286, 475.2, 459.7714285714286, 475.7142857142857, 467.0, 557.4857142857143, 467.0, 558.0, 449.48571428571427, 590.9142857142857, 448.45714285714286, 618.6857142857143, 439.7142857142857, 653.1428571428571, 421.7142857142857, 677.3142857142857, 410.4, 713.8285714285714, 404.22857142857146, 733.8857142857142, 383.14285714285717, 779.1428571428571, 368.74285714285713, 776.5714285714286, 361.54285714285714, 811.5428571428572, 334.2857142857143, 831.0, 309.6, 759.0857142857143, 246.85714285714286, 697.3714285714286, 202.11428571428573, 645.9428571428572, 160.45714285714286, 616.1142857142858, 129.6, 610.9714285714285, 128.05714285714285, 604.8, 124.45714285714286, 594.0, 101.31428571428572, 591.9428571428572, 79.2, 585.7714285714286, 59.142857142857146, 582.6857142857143, 40.628571428571426, 575.4857142857143, 19.02857142857143, 573.4285714285714, 11.314285714285715]], "scale": 3, "viewpoint": 1, "zoom_in": 3, "landmarks": [0, 0, 0, 0, 0, 0, 0, 0, 0, 648, 162, 2, 0, 0, 0, 406, 459, 2, 0, 0, 0, 111, 195, 2], "style": 2, "bounding_box": [0, 0, 831, 467], "category_id": 9, "occlusion": 1, "category_name": "skirt"}}