{"source": "user", "pair_id": 23, "item1": {"segmentation": [[25.24869927159211, 0.0, 214.63475546306225, 0.6272451703388615, 426.773560150207, 0.0, 429.8840881328328, 8.388363570555807, 446.9496448445916, 45.43310862778843, 460.68533683210484, 73.73695878387628, 467.0, 87.05641768085879, 467.0, 108.28430529792467, 465.26390082794256, 110.3654707505782, 442.3710808487539, 123.26869655703001, 424.0568248654029, 133.6745238202976, 417.39709541691167, 142.83165181197307, 415.31592996425815, 152.40501289417927, 421.14319323168803, 156.56734379948628, 419.8944939600959, 166.55693797222318, 416.56462923585025, 174.46536669230656, 400.3315387051528, 169.8868026964688, 392.0068768945388, 169.8868026964688, 379.10365108808696, 167.80563724381528, 374.5250870922492, 169.8868026964688, 372.4439216395957, 186.95235940822766, 371.68927294937333, 233.90960503099146, 371.68927294937333, 283.8575758946759, 369.19187440618913, 330.059448943584, 368.77564131565845, 335.47047912048316, 372.93797222096543, 375.8450889019614, 375.8052753019955, 429.6622177984868, 379.55137311677186, 487.10238429172387, 379.96760620730254, 492.513414468623, 377.05397457358765, 538.2990544270004, 374.5565760304034, 574.0951002126409, 370.8625978373976, 611.4377233859659, 370.4347826086956, 623.0, 337.5176220422564, 623.0, 311.71117042935276, 616.4962222322761, 304.63520789033083, 614.8312898701533, 297.9754784418395, 614.8312898701533, 290.4832828122869, 611.5014251459077, 274.66642537212016, 610.2527258743156, 261.3469664751376, 609.8364927837848, 247.61127448762443, 613.1663575080305, 230.54571777586557, 616.4962222322761, 219.72365742206728, 616.0799891417454, 205.9955662127324, 614.0046147581775, 192.25987422521916, 612.3396823960547, 175.61055060399102, 617.7507125729538, 160.20992625435497, 623.0, 85.28796995882834, 623.0, 82.3743383251134, 586.9494638736818, 80.29317287245989, 562.3917115323702, 78.21200741980638, 542.8287562774271, 76.96330814821425, 528.6768311993833, 77.79577432927567, 492.88078541374273, 79.46070669139849, 478.31262724516813, 84.03927068723623, 434.19191964891354, 88.56571506130345, 369.4839614531959, 90.23064742342626, 330.77428403384044, 88.98194815183416, 305.80029860199824, 87.31701578971135, 274.9990499027262, 85.65208342758854, 260.43089173415154, 78.57612088856656, 241.2841695697392, 72.56354341039712, 224.72931276297354, 63.822648509252346, 211.409853865991, 54.24928742704616, 199.75532733113133, 53.41682124598476, 189.34950006786372, 44.67592634483998, 188.93326697733303, 33.85386599104169, 192.26313170157866, 28.859068904673244, 194.76053024476286, 25.11297108989691, 187.26833461521022, 0.0, 158.6086956521739, 0.0, 46.95652173913043, 12.521739130434781, 26.08695652173913]], "scale": 3, "viewpoint": 1, "zoom_in": 3, "landmarks": [0, 0, 0, 0, 0, 0, 176, 31, 2, 210, 39, 2, 256, 25, 2, 0, 0, 0, 0, 0, 0, 14, 31, 2, 0, 0, 0, 28, 193, 2, 51, 188, 2, 74, 189, 2, 42, 171, 1, 80, 241, 2, 90, 332, 2, 80, 480, 2, 0, 0, 0, 0, 0, 0, 0, 0, 0, 380, 491, 2, 369, 334, 2, 373, 236, 2, 376, 161, 1, 374, 170, 2, 391, 170, 2, 416, 175, 2, 0, 0, 0, 448, 45, 2, 0, 0, 0], "style": 1, "bounding_box": [0, 0, 467, 623], "category_id": 10, "occlusion": 1, "category_name": "short sleeve dress"}}