{"source": "user", "pair_id": 3, "item1": {"segmentation": [[255.05865384615385, 215.81833028083028, 242.3826617826618, 213.90714285714287, 230.57710622710624, 210.08769841269842, 222.93821733821736, 211.99742063492064, 215.82016178266178, 215.643253968254, 210.78543956043956, 221.37242063492064, 207.48682844932847, 227.44880952380956, 204.36182844932847, 232.48353174603176, 199.6708485958486, 238.7368894993895, 196.7194597069597, 236.47994505494506, 192.55279304029304, 235.09105616605618, 187.86529304029304, 234.74383394383395, 182.6569597069597, 237.52161172161172, 181.2680708180708, 243.94522283272283, 181.2680708180708, 250.36883394383395, 178.83751526251527, 257.6605006105006, 177.79584859584858, 263.7368894993895, 178.66390415140415, 268.5980006105006, 181.78890415140415, 274.1535561660562, 185.60834859584858, 278.32022283272283, 189.25418192918193, 279.53550061050066, 191.6847374847375, 277.2785561660562, 193.5944597069597, 276.41050061050066, 196.5458485958486, 275.02161172161175, 199.4972374847375, 273.806333943834, 203.31668192918193, 273.63272283272283, 207.13612637362638, 273.63272283272283, 208.00418192918193, 274.3271672771673, 209.91390415140415, 275.7160561660562, 208.69935897435897, 277.4558302808303, 208.00491452991454, 279.0183302808303, 213.38685897435897, 279.5391636141636, 216.16463675213677, 280.4072191697192, 215.1229700854701, 284.57388583638584, 214.08130341880343, 293.9488858363859, 214.08130341880343, 299.85166361416367, 213.90769230769232, 302.97666361416367, 212.69241452991454, 305.23360805860807, 209.74102564102566, 308.35860805860807, 207.13685897435897, 312.35166361416367, 208.69935897435897, 316.51833028083036, 208.8729700854701, 317.03916361416367, 208.17852564102566, 321.72666361416367, 208.17852564102566, 323.9836080586081, 207.83130341880343, 330.9280525030525, 206.78963675213674, 335.78916361416367, 205.7479700854701, 342.9072191697192, 205.57435897435897, 350.7197191697192, 205.57435897435897, 353.8447191697192, 204.87899877899878, 365.1367673992674, 204.70538766788766, 371.3867673992674, 204.87899877899878, 375.03260073260077, 208.00399877899878, 377.1159340659341, 211.64983211233212, 378.8520451770452, 214.25399877899878, 380.5881562881563, 219.98316544566546, 381.8034340659341, 226.9276098901099, 388.2270451770452, 230.226221001221, 389.9631562881563, 235.26094322344323, 390.65760073260077, 244.46233211233215, 390.83121184371186, 251.40677655677658, 391.004822954823, 259.7401098901099, 391.1784340659341, 264.77483211233215, 391.3520451770452, 269.288721001221, 390.65760073260077, 274.5030372405373, 388.4009004884005, 279.8849816849817, 384.40784493284497, 280.9266483516484, 381.6300671550672, 281.4474816849817, 377.28978937728937, 281.62158119658125, 373.989590964591, 282.66275946275954, 367.7411782661783, 283.18359279609285, 361.4911782661783, 283.8780372405373, 356.8036782661783, 283.8780372405373, 351.24812271062274, 282.6632478632479, 345.17014652014655, 283.0107142857143, 331.44992368742373, 281.1009920634921, 318.7763125763126, 280.23269230769233, 306.4548687423688, 280.05908119658125, 297.9479242979243, 280.0593253968254, 290.1304792429792, 279.5384920634921, 284.5749236874237, 279.8857142857143, 279.8874236874237, 283.0107142857143, 276.9360347985348, 284.7468253968254, 274.158257020757, 288.04543650793653, 276.0679792429792, 290.302380952381, 277.80409035409036, 294.12182539682544, 279.8874236874237, 298.2884920634921, 281.2763125763126, 302.10793650793653, 282.3179792429792, 305.05932539682544, 283.3596459096459, 308.70515873015876, 283.70686813186813, 312.00816544566544, 286.4821428571429, 316.1748321123321, 288.56547619047626, 320.34149877899875, 289.25992063492066, 324.1609432234432, 288.91269841269843, 326.5914987789988, 288.3918650793651, 329.54288766788767, 283.8779761904762, 330.75816544566544, 280.0585317460318, 331.7998321123321, 277.97519841269843, 333.88316544566544, 274.85019841269843, 334.5776098901099, 269.6418650793651, 334.4039987789988, 266.86408730158735, 328.6748321123321, 267.7321428571429, 325.89705433455435, 266.86408730158735, 325.7234432234432, 262.0029761904762, 325.7234432234432, 256.44742063492066, 325.7234432234432, 250.02380952380955, 325.89705433455435, 244.8154761904762, 325.89705433455435, 242.03769841269843, 322.94566544566544, 238.73908730158732, 318.77899877899875, 235.09325396825398, 315.65399877899875, 233.53075396825398, 314.2651098901099, 233.53075396825398, 313.57066544566544, 237.17658730158732, 312.1817765567765, 242.90575396825398, 311.6609432234432, 246.72519841269843, 310.44566544566544, 248.63492063492066, 309.23038766788767, 249.85019841269843, 307.14705433455435, 250.19742063492066, 303.501221001221, 244.46825396825398, 300.7234432234432, 240.1279761904762, 298.1192765567765, 236.13492063492066, 295.16788766788767, 231.96825396825398, 291.52205433455435, 227.97519841269843, 288.3970543345543, 223.11408730158732, 284.22532051282053, 219.63777472527474, 280.232264957265, 215.64471916971917, 272.5933760683761, 214.6030525030525, 264.95448717948716, 215.47110805860808]], "scale": 1, "viewpoint": 3, "zoom_in": 1, "landmarks": [255, 217, 1, 275, 214, 1, 0, 0, 0, 0, 0, 0, 0, 0, 0, 231, 210, 1, 289, 226, 2, 303, 249, 2, 316, 248, 2, 326, 257, 2, 295, 278, 2, 284, 244, 2, 282, 251, 2, 280, 266, 2, 279, 287, 2, 283, 328, 2, 283, 383, 2, 249, 390, 2, 206, 377, 2, 212, 325, 2, 217, 283, 2, 219, 265, 2, 219, 251, 2, 217, 237, 2, 196, 276, 2, 182, 239, 2, 198, 237, 2, 206, 234, 2, 217, 217, 2], "style": 1, "bounding_box": [174, 205, 327, 393], "category_id": 10, "occlusion": 1, "category_name": "short sleeve dress"}}