{"source": "user", "pair_id": 15, "item1": {"segmentation": [[7.314285714285714, 59.42857142857143, 14.628571428571428, 95.08571428571429, 15.542857142857143, 128.0, 16.457142857142856, 154.5142857142857, 21.02857142857143, 189.25714285714287, 6.4, 258.74285714285713, 0.0, 265.14285714285717, 0.9142857142857143, 831.0, 383.0857142857143, 831.0, 363.8857142857143, 730.5142857142857, 326.4, 560.4571428571429, 321.8285714285714, 490.0571428571429, 325.48571428571427, 437.0285714285714, 311.77142857142854, 386.74285714285713, 285.25714285714287, 336.45714285714286, 293.48571428571427, 337.37142857142857, 304.45714285714286, 345.6, 319.0857142857143, 353.8285714285714, 333.7142857142857, 364.8, 341.9428571428571, 367.54285714285714, 355.65714285714284, 372.1142857142857, 370.2857142857143, 376.6857142857143, 383.0857142857143, 385.8285714285714, 394.0571428571429, 391.3142857142857, 401.37142857142857, 398.62857142857143, 416.0, 409.6, 417.8285714285714, 415.0857142857143, 421.48571428571427, 430.62857142857143, 421.48571428571427, 446.1714285714286, 420.57142857142856, 461.7142857142857, 422.4, 514.7428571428571, 426.0571428571429, 556.8, 422.4, 597.9428571428572, 426.9714285714286, 630.8571428571429, 427.8857142857143, 654.6285714285714, 427.8857142857143, 668.3428571428572, 422.4, 684.8, 415.0857142857143, 679.3142857142857, 406.85714285714283, 685.7142857142857, 406.85714285714283, 698.5142857142857, 406.85714285714283, 711.3142857142857, 394.9714285714286, 725.9428571428572, 375.77142857142854, 741.4857142857143, 371.2, 753.3714285714286, 394.9714285714286, 799.0857142857143, 426.9714285714286, 826.5142857142857, 461.7142857142857, 830.1714285714286, 467.0, 282.2491969568903, 457.14691462383877, 273.96517328825075, 448.27117497886786, 265.08943364327985, 445.31259509721093, 259.7639898562973, 439.9871513102284, 250.29653423499505, 433.47827557058304, 245.5628064243439, 420.4605240912924, 243.19594251901833, 414.5433643279785, 234.32020287404745, 402.1173288250193, 222.48588334741962, 389.69129332206, 216.56872358410567, 374.3066779374438, 211.24327979712314, 354.1883347421765, 198.8172442941639, 337.62028740489745, 173.9651732882454, 322.8273879966127, 165.68114961960595, 313.3599323753104, 160.3557058326234, 307.4427726119965, 156.21369399830365, 300.3421808960197, 152.0716821639839, 291.4664412510489, 142.60422654268163, 271.9398140321129, 123.07759932374569, 227.2872358410837, 90.0395604395629, 198.29315300084548, 65.18748943364442, 176.99137785291535, 52.76145393068517, 159.83161453930498, 49.21115807269682, 117.22806424344472, 51.57802197802239, 91.0586644125123, 52.43685545224004, 71.53203719357634, 55.98715131022839, 62.064581572274065, 58.354015215553964, 50.821978021977614, 58.94573119188536, 29.52020287404748, 63.6794590025365]], "scale": 3, "viewpoint": 2, "zoom_in": 3, "landmarks": [0, 0, 0, 0, 0, 0, 0, 0, 0, 0, 0, 0, 21, 160, 2, 12, 67, 2, 0, 0, 0, 0, 0, 0, 0, 0, 0, 0, 0, 0, 0, 0, 0, 0, 0, 0, 0, 0, 0, 0, 0, 0, 0, 0, 0, 0, 0, 0, 0, 0, 0, 0, 0, 0, 0, 0, 0, 0, 0, 0, 0, 0, 0, 332, 599, 2, 290, 349, 2, 242, 260, 2, 344, 369, 2, 427, 441, 2, 428, 615, 2, 374, 755, 2, 0, 0, 0, 0, 0, 0, 0, 0, 0, 320, 165, 2, 162, 52, 2], "style": 3, "bounding_box": [1, 48, 464, 831], "category_id": 2, "occlusion": 1, "category_name": "long sleeve top"}}