{"source": "user", "pair_id": 23, "item1": {"segmentation": [[42.421872154434546, 191.76415953378253, 52.45647423055911, 173.42505918776178, 62.83709706792934, 158.89218721544344, 73.56374066654526, 148.51156437807322, 86.71252959388089, 128.44236022582407, 93.2869240575487, 117.02367510471683, 96.40111090875978, 113.2174467310144, 100.89938080495355, 108.71917683482063, 107.1277545073757, 105.25896922236389, 111.28000364232378, 103.87488617738119, 126.85093789837913, 103.18284465488983, 134.80941540702963, 103.18284465488983, 147.00633422873793, 99.87851142779093, 149.77450031870333, 111.64321731014387, 153.58072869240573, 125.83006852121653, 159.80910239482787, 137.24875364232378, 170.18972523219813, 147.97539724093969, 178.49422350209431, 153.1657086596248, 185.76065948825348, 156.62591627208155, 195.1032200418867, 160.77816540702963, 205.8298636405026, 163.89235225824072, 209.98211277545067, 163.54633149699504, 226.93713007648876, 156.62591627208155, 238.70183595884168, 150.3975425696594, 247.35235498998355, 146.591314195957, 254.61879097614272, 138.97885744855216, 260.50114391731915, 129.29027613367327, 262.9232892460389, 122.36986090875978, 264.3073722910216, 116.83352872882898, 266.03747609724996, 110.95117578765252, 267.4215591422327, 105.41484360772172, 268.113600664724, 100.91657371152795, 268.4596214259697, 93.6501377253688, 284.6701079038426, 88.78854033873611, 298.51093835366964, 85.67435348752504, 310.9676857585139, 88.09649881624476, 317.8881009834274, 90.17262338371881, 331.036889910763, 98.477121653615, 337.2652636131852, 106.78161992351119, 340.37945046439626, 111.62591058095063, 342.1095542706246, 119.58438808960115, 343.4936373156073, 125.81276179202328, 344.1856788380987, 133.7712393006738, 345.2237411218357, 135.50134310690217, 347.29986568930974, 148.30411127299215, 348.6839487342924, 165.25912857403017, 349.0299694955381, 172.87158532143502, 350.4140525405208, 181.17608359133123, 351.7981355855035, 190.17262338371876, 355.6043639592059, 202.62937078856305, 356.642426242943, 205.05151611728274, 349.72201101802943, 209.8958067747222, 348.33792797304676, 210.93386905845924, 347.6458864505554, 202.9753915498087, 338.30332589692216, 202.62937078856305, 330.34484838827166, 201.93732926607169, 321.34830859588413, 203.66743307230007, 316.15799717719904, 206.0895784010198, 310.2756442360226, 208.85774449098517, 305.7773743398288, 211.27988981970492, 303.0092082498634, 213.35601438717896, 306.50402932070665, 254.8084820615553, 306.8500500819523, 265.5351256601712, 305.8119877982153, 300.1372017847387, 307.54209160444367, 316.74619832453106, 308.5801538881807, 326.7808004006556, 311.0022992169004, 334.39325714806046, 310.65627845565473, 339.92958932799127, 318.0436339009288, 393.19902454015664, 320.11975846840284, 421.57272696230194, 319.7737377071572, 441.2959103533054, 321.15782075213986, 459.63501069932613, 320.8117999908942, 494.9291283463849, 320.3792455836824, 533.250102440357, 318.30312101620837, 565.0840124749591, 313.49355763977417, 582.6446514751411, 296.19251957749043, 585.4128175651066, 280.6215853214351, 589.219045938809, 268.85687943908215, 588.1809836550719, 252.93992442178114, 589.219045938809, 244.63542615188493, 589.9110874613003, 239.79113549444548, 590.9491497450374, 236.33092788198877, 591.9872120287744, 219.42851370424327, 591.1740234019304, 212.5080984793298, 594.9802517756328, 201.08941335822254, 598.7864801493353, 189.67072823711527, 601.208625478055, 172.02366941358585, 605.0148538517574, 164.06519190493535, 605.360874613003, 155.0686521125478, 605.0148538517574, 150.91640297759972, 602.2466877617919, 145.7260915589146, 597.0563763431069, 141.5738424239665, 593.5961687306501, 138.11363481150974, 590.8280026406848, 133.96138567656166, 585.9837119832453, 130.15515730285924, 575.6030891458751, 127.38699121289385, 569.0286946822072, 123.58076283919142, 561.7622586960481, 125.3108666454198, 548.9594905299581, 126.34892892915681, 540.6549922600619, 126.34892892915681, 530.6203901839374, 126.6949496904025, 522.3158919140411, 126.00290816791114, 510.5511860316882, 124.61882512292844, 498.78648014933526, 121.1586175104717, 477.6792137133491, 121.50463827171737, 471.79686077217264, 126.74686987798215, 440.72524358040425, 127.4389114004735, 421.0020601894008, 128.47697368421052, 409.9293958295392, 130.55309825168456, 401.62489755964305, 132.97524358040428, 391.59029548351845, 135.7434096703697, 380.86365188490254, 138.5115757603351, 369.790987525041, 144.39392870151156, 351.7979079402659, 144.73994946275724, 344.185451192861, 141.97178337279183, 322.7321639956292, 141.27974185030047, 315.46572800947007, 140.9337210890548, 305.0851051720998, 139.5496380440721, 292.9743785285012, 132.62922281915863, 259.06434392642507, 128.47697368421052, 248.68372108905487, 128.47697368421052, 248.68372108905487, 120.83001730103805, 232.24824713166998, 117.02378892733563, 224.98181114551082, 114.25562283737024, 221.52160353305408, 112.52551903114187, 221.1755827718084, 106.64316608996539, 224.63579038426516, 102.4909169550173, 228.0959979967219, 96.60856401384083, 236.4004962666181, 93.37357152613365, 238.90917524130393, 78.14865803132396, 231.98876001639044, 69.15211823893642, 225.06834479147693, 63.9618068202513, 219.87803337279183, 58.42547464032051, 214.34170119286102, 53.581183982881065, 207.76730672919322, 49.77495560917865, 203.61505759424512, 46.660768757967574, 199.8088292205427, 43.892602668002176, 196.34862160808595, 42.85454038426516, 194.2724970406119]], "scale": 3, "viewpoint": 2, "zoom_in": 1, "landmarks": [211, 112, 1, 150, 109, 1, 165, 143, 1, 209, 163, 1, 254, 139, 1, 269, 94, 1, 97, 115, 2, 74, 149, 2, 43, 194, 2, 95, 238, 2, 103, 227, 2, 113, 221, 2, 129, 249, 2, 140, 296, 2, 145, 348, 2, 123, 472, 2, 135, 589, 2, 237, 592, 2, 318, 566, 2, 321, 458, 2, 311, 338, 2, 307, 266, 1, 305, 207, 1, 305, 168, 2, 304, 189, 2, 303, 213, 2, 356, 204, 2, 346, 137, 2, 318, 91, 2], "style": 1, "bounding_box": [39, 74, 355, 614], "category_id": 10, "occlusion": 2, "category_name": "short sleeve dress"}}