{"source": "user", "pair_id": 3, "item1": {"segmentation": [[222.0721153846154, 252.40660866910866, 218.07905982905984, 252.40660866910866, 215.30128205128204, 249.802442002442, 213.56517094017093, 247.37188644688644, 211.65544871794873, 245.114942002442, 209.7457264957265, 243.72605311355312, 206.96794871794873, 242.68438644688644, 202.62767094017093, 243.03160866910866, 199.1554487179487, 244.24688644688644, 194.81517094017093, 246.33021978021978, 190.30128205128204, 249.10799755799755, 189.08600427350427, 250.67049755799755, 188.0443376068376, 253.10105311355312, 185.61378205128204, 255.70521978021978, 184.57211538461536, 259.69827533577535, 184.05128205128204, 264.7329975579976, 183.00961538461536, 269.07327533577535, 182.66239316239313, 272.19827533577535, 182.48878205128204, 274.4552197802198, 181.9679487179487, 277.40660866910866, 180.2318376068376, 281.2260531135531, 177.2804487179487, 284.17744200244204, 175.37072649572647, 286.4343864468865, 172.4193376068376, 289.90660866910866, 169.4679487179487, 291.8163308913309, 168.2526709401709, 292.8579975579976, 166.6853785103785, 299.2864010989011, 165.99093406593406, 305.18917887667885, 167.90065628815628, 310.91834554334554, 170.67843406593406, 315.95306776556777, 173.3870879120879, 319.85897435897436, 176.8593101343101, 322.2895299145299, 181.96315628815628, 322.20306776556777, 185.4353785103785, 322.37667887667885, 183.35204517704517, 326.3697344322344, 180.05343406593406, 332.4461233211233, 178.83815628815628, 334.87667887667885, 176.92843406593406, 339.04334554334554, 174.4978785103785, 343.55723443223445, 173.10898962148963, 347.7239010989011, 170.67843406593406, 354.49473443223445, 168.42148962148963, 360.3975122100122, 167.20621184371183, 364.73778998779, 165.4701007326007, 370.11973443223445, 164.9492673992674, 374.4600122100122, 162.69665750915752, 379.16987179487177, 161.82860195360195, 384.37820512820514, 160.9605463980464, 389.9337606837607, 160.09249084249083, 396.35737179487177, 158.1827686202686, 402.08653846153845, 156.96749084249083, 406.079594017094, 157.48832417582418, 410.2462606837607, 159.05082417582418, 414.2393162393162, 160.61332417582418, 415.97542735042737, 163.9119352869353, 416.4962606837607, 169.29387973137975, 416.6698717948718, 173.11332417582418, 416.8434829059829, 177.3235653235653, 416.8307081807082, 183.18276862026863, 416.8434829059829, 189.60637973137975, 417.017094017094, 192.90499084249086, 417.53792735042737, 195.85637973137975, 417.8851495726496, 199.6758241758242, 418.75320512820514, 200.89110195360198, 418.9268162393162, 201.0647130647131, 419.7948717948718, 201.2383241758242, 421.704594017094, 202.10637973137975, 422.39903846153845, 205.57860195360198, 422.39903846153845, 208.18276862026863, 422.39903846153845, 209.3980463980464, 422.0518162393162, 210.09249084249086, 419.9684829059829, 215.17078754578756, 420.1293192918193, 222.80967643467645, 419.43487484737483, 232.4883241758242, 419.6212606837607, 239.31185897435896, 420.2985958485958, 243.1313034188034, 422.38192918192914, 244.86741452991453, 425.1597069597069, 246.0826923076923, 427.06942918192914, 246.77713675213676, 424.6388736263736, 247.12435897435898, 420.64581807081805, 248.33963675213676, 417.52081807081805, 250.24935897435898, 412.4860958485958, 251.63824786324787, 406.58331807081805, 252.85352564102564, 400.6805402930403, 253.8951923076923, 397.38192918192914, 254.0688034188034, 396.6874847374847, 255.2840811965812, 391.9999847374847, 255.97852564102564, 384.5347069597069, 256.15213675213676, 375.6805402930402, 255.80491452991453, 366.65276251526245, 256.499358974359, 356.4097069597069, 255.9874236874237, 346.06626984126984, 254.77214590964593, 341.7259920634921, 253.90409035409039, 335.9968253968254, 253.55686813186816, 328.0107142857143, 253.38325702075704, 320.8926587301587, 253.73047924297927, 318.46210317460316, 257.72353479853484, 319.50376984126984, 259.1124236874237, 318.98293650793653, 265.01520146520147, 314.98988095238093, 269.70270146520147, 310.9968253968254, 272.82770146520147, 306.1357142857143, 275.7790903540904, 300.4065476190476, 276.1263125763126, 296.76071428571424, 275.7790903540904, 291.89960317460316, 273.69575702075707, 285.82321428571424, 272.30686813186816, 281.13571428571424, 273.9822954822955, 270.55341880341877, 273.6350732600733, 259.4423076923077, 272.5934065934066, 252.67147435897434, 270.33646214896214, 247.2895299145299, 265.47535103785106, 245.20619658119656, 259.39896214896214, 243.29647435897434, 254.01701770451768, 242.9492521367521, 247.5934065934066, 242.9492521367521, 243.60035103785103, 243.29647435897434, 237.52396214896214, 245.37980769230768, 230.9267399267399, 249.37286324786322, 226.76007326007323, 251.8034188034188]], "scale": 1, "viewpoint": 2, "zoom_in": 1, "landmarks": [220, 250, 1, 207, 246, 1, 211, 258, 1, 220, 262, 1, 233, 254, 1, 237, 246, 1, 191, 254, 2, 169, 292, 2, 181, 318, 2, 192, 301, 2, 183, 284, 1, 188, 271, 1, 182, 287, 1, 181, 303, 1, 187, 323, 2, 169, 361, 2, 158, 411, 2, 205, 420, 2, 247, 425, 2, 258, 365, 2, 250, 329, 2, 248, 297, 1, 248, 278, 1, 253, 267, 1, 256, 285, 1, 247, 309, 2, 266, 280, 2, 277, 293, 2, 271, 248, 2], "style": 1, "bounding_box": [151, 241, 279, 435], "category_id": 10, "occlusion": 2, "category_name": "short sleeve dress"}}