{"source": "user", "pair_id": 23, "item1": {"segmentation": [[192.51519984534337, 138.28311826397953, 195.82098496931033, 173.54482625296023, 197.65753226040306, 193.37953699676189, 201.6979363008071, 211.01039099125222, 202.79986467546274, 216.88734232274902, 209.0441254651781, 237.08936252476923, 212.71722004736358, 253.25097868638537, 215.65569571311198, 262.06640568363053, 218.59417137886035, 268.3106664733459, 224.1038132521386, 273.085689430187, 229.9807645836354, 276.75878401237253, 235.85771591513216, 278.2280218452467, 245.775071287033, 276.0241650959354, 265.9770914890532, 269.4125948480015, 274.42520902807985, 265.00488134937893, 284.34256439998063, 259.12793001788214, 289.1175873568218, 255.45483543569668, 295.3618481465371, 248.10864627132568, 299.0349427287226, 244.4355516891402, 305.6465129766565, 237.45667198298776, 309.319607558842, 232.31433956792807, 317.4004156396501, 223.4989125706829, 321.4408196800541, 218.72388961384178, 330.6235561355178, 208.07191532550385, 330.9908655937364, 207.7046058672853, 350.805760958871, 184.79060944371952, 365.49813928761296, 167.15975544922915, 370.64047170267264, 160.91549465951383, 375.0481852012952, 155.40585278623558, 379.82320815813637, 148.7942825383017, 384.5982311149775, 142.9173312068049, 387.16939732250734, 138.14230824996378, 387.5367067807259, 134.4692136677783, 397.0867526944082, 137.40768933352666, 415.8195350635542, 148.0596636218646, 424.63496206079935, 153.56930549514283, 435.65424580735584, 160.1808757430767, 454.7543376347204, 173.03670678072592, 463.9370740901841, 182.5867526944082, 467.0, 186.2598472765937, 467.0, 390.0, 467.0, 394.07300275482095, 459.8217340872843, 396.27685950413223, 451.74092600647623, 400.3172635445363, 446.59859359141655, 402.15381083562903, 438.88509496882705, 406.92883379247013, 433.00814363733025, 412.07116620752987, 430.4369774298004, 417.21349862258955, 430.382871780001, 420.73570634575424, 461.8421052631579, 513.1578947368421, 467.0, 532.6578947368421, 467.0, 623.0, 385.89473684210526, 623.0, 373.3521096128752, 613.8880672756271, 366.00592044850424, 611.3169010680973, 355.3539461601663, 607.2764970276933, 345.43659078826545, 601.3995456961965, 329.64228408486787, 592.5841186989513, 321.19416654584126, 588.1764052003286, 303.56331255135086, 579.728287661302, 293.6459571794501, 577.1571214537722, 288.1363153061718, 575.3205741626795, 278.21895993427097, 561.3628147503746, 270.5054613116815, 536.3857715915133, 265.7304383548403, 523.5299405538641, 260.58810593978063, 507.73563385046646, 251.28538978299747, 485.57708665603406, 245.40843845150067, 470.8847083272921, 240.63341549465954, 460.9673529553913, 237.69493982891115, 454.72309216567595, 228.51220337344742, 438.5614760040598, 223.7371804166063, 431.58259629790734, 218.96215745976514, 426.07295442462913, 212.7178966700498, 417.25752742738393, 210.88134937895705, 415.4209801362912, 196.25315354501956, 395.50930356193516, 187.4377265477744, 384.4900198153787, 179.3569184669663, 377.87844956744476, 171.27611038615822, 370.5322604030738, 164.66454013822437, 358.04373882364314, 163.5626117635687, 354.0033347832391, 163.19530230535017, 341.882122662027, 162.0933739306945, 329.76091054081485, 159.8895171813832, 309.55889033879464, 158.78758880672757, 294.8665120100527, 157.31835097385337, 280.5414431395293, 155.11449422454209, 265.84906481078735, 148.87023343482673, 242.34125948480016, 147.7683050601711, 240.13740273548888, 136.65122517036392, 217.39512348364025, 140.69162921076796, 208.21238702817652, 142.89548596007927, 196.8257938234015, 145.83396162582764, 185.07189116040792, 146.56858054226475, 175.8891547049442, 148.77243729157604, 170.37951283166598, 151.34360349910588, 157.8909912522353, 153.54746024841717, 150.17749262964577, 159.0571021216954, 145.76977913102317, 167.87252911894058, 141.3620656324006, 177.0552655744043, 138.4235899666522, 185.8706925716495, 137.68897105021512]], "scale": 3, "viewpoint": 3, "zoom_in": 2, "landmarks": [310, 139, 1, 192, 139, 1, 201, 215, 1, 235, 279, 2, 318, 225, 2, 391, 136, 2, 151, 162, 2, 144, 196, 1, 137, 218, 1, 0, 0, 0, 0, 0, 0, 0, 0, 0, 164, 355, 2, 210, 417, 2, 239, 456, 2, 269, 529, 2, 285, 577, 2, 361, 611, 2, 0, 0, 0, 0, 0, 0, 0, 0, 0, 435, 474, 2, 410, 408, 2, 398, 373, 2, 421, 389, 2, 430, 421, 2, 0, 0, 0, 0, 0, 0, 0, 0, 0], "style": 1, "bounding_box": [132, 117, 467, 623], "category_id": 10, "occlusion": 1, "category_name": "short sleeve dress"}}