{"source": "user", "pair_id": 16, "item1": {"segmentation": [[22.62857142857143, 33.94285714285714, 19.542857142857144, 47.82857142857143, 15.942857142857143, 56.57142857142857, 11.314285714285715, 64.28571428571429, 4.628571428571429, 78.17142857142858, 0.0, 90.51428571428572, 0.0, 365.65714285714284, 9.771428571428572, 367.7142857142857, 18.514285714285716, 370.2857142857143, 29.82857142857143, 379.0285714285714, 45.25714285714286, 391.37142857142857, 63.25714285714286, 404.74285714285713, 78.17142857142858, 416.0571428571429, 91.54285714285714, 427.8857142857143, 97.208163265306, 436.9142857142856, 103.41224489795927, 442.4653061224491, 106.35102040816346, 445.73061224489817, 107.00408163265328, 449.6489795918371, 118.43265306122511, 461.73061224489874, 121.3714285714293, 457.81224489795983, 124.6367346938784, 456.1795918367353, 129.20816326530712, 454.54693877551074, 133.77959183673585, 449.3224489795922, 134.43265306122566, 448.6693877551024, 135.73877551020533, 448.6693877551024, 141.9428571428586, 449.6489795918371, 146.18775510204242, 446.0571428571431, 148.80000000000172, 442.1387755102042, 156.14693877551034, 441.61632653061247, 175.41224489796002, 443.5755102040819, 184.55510204081747, 446.840816326531, 188.22857142857143, 466.45714285714286, 258.1714285714286, 467.0, 262.8, 458.74285714285713, 271.54285714285714, 424.2857142857143, 284.9142857142857, 423.7714285714286, 287.48571428571427, 414.0, 282.85714285714283, 411.42857142857144, 294.1714285714286, 390.8571428571429, 298.2857142857143, 371.8285714285714, 296.74285714285713, 335.31428571428575, 296.74285714285713, 317.31428571428575, 300.17857142857133, 296.4285714285718, 301.1785714285714, 288.1785714285715, 302.92857142857144, 284.1785714285714, 305.9285714285715, 280.6785714285713, 308.1785714285716, 268.67857142857093, 310.4285714285717, 262.42857142857076, 313.42857142857173, 212.42857142856917, 317.1071428571428, 158.51428571428613, 315.6071428571427, 153.764285714286, 317.3571428571428, 148.51428571428582, 317.8571428571428, 141.0142857142856, 318.60714285714283, 119.26428571428492, 315.8571428571427, 118.01428571428488, 310.8571428571426, 115.51428571428481, 304.8571428571424, 114.01428571428477, 298.1071428571422, 113.51428571428475, 293.35714285714204, 112.26428571428471, 288.35714285714187, 110.26428571428465, 284.35714285714175, 109.01428571428461, 278.8571428571416, 104.76428571428448, 273.3571428571414, 104.51428571428447, 269.3571428571413, 102.76428571428443, 260.6285714285732, 100.26428571428657, 253.87857142857303, 97.51428571428649, 241.87857142857263, 96.01428571428644, 237.6285714285725, 94.7642857142864, 232.12857142857234, 92.76428571428634, 220.12857142857197, 88.76428571428622, 209.62857142857166, 81.764285714286, 204.3785714285715, 79.51428571428593, 202.1285714285714, 76.01428571428583, 199.37857142857132, 73.51428571428575, 194.8785714285712, 72.0142857142857, 192.87857142857112, 76.51428571428585, 190.12857142857104, 83.01428571428605, 185.87857142857092, 82.76428571428603, 179.1285714285707, 80.51428571428596, 169.8785714285704, 79.26428571428593, 167.12857142857035, 67.51428571428556, 164.37857142857024, 66.26428571428552, 161.62857142857018, 66.26428571428552, 153.8071428571442, 67.81428571428579, 146.05714285714396, 67.56428571428579, 138.05714285714373, 67.56428571428579, 130.5571428571435, 65.56428571428573, 124.3071428571433, 66.56428571428576, 121.55714285714322, 68.0642857142858, 111.80714285714292, 67.56428571428579, 104.5571428571427, 67.56428571428579, 100.80714285714258, 65.0642857142857, 96.80714285714245, 64.31428571428569, 95.0571428571424, 63.31428571428565, 92.55714285714232, 59.56428571428554, 87.80714285714218, 57.31428571428547, 82.057142857142, 53.564285714285354, 76.05714285714181, 49.564285714285234, 62.4500000000006, 39.699999999999896, 56.70000000000042, 38.19999999999985, 51.95000000000027, 35.69999999999977, 47.200000000000124, 34.44999999999973, 44.70000000000005, 33.94999999999972, 39.19999999999988, 33.19999999999969, 33.449999999999704, 32.94999999999969, 28.699999999999555, 32.699999999999676]], "scale": 3, "viewpoint": 1, "zoom_in": 3, "landmarks": [24, 36, 2, 180, 82, 2, 319, 119, 2, 0, 0, 0, 0, 0, 0, 122, 457, 2, 0, 0, 0, 300, 299, 1], "style": 1, "bounding_box": [0, 32, 321, 467], "category_id": 9, "occlusion": 1, "category_name": "skirt"}}