{"source": "user", "pair_id": 10, "item1": {"segmentation": [[184.34654450405156, 218.22312736936692, 176.1653903769531, 216.1778388375923, 166.52331587001564, 212.37944585001088, 159.21871397082057, 205.65921210275144, 156.00468913517477, 198.35461020355638, 156.58905728711036, 191.63437645629693, 162.1405547304986, 186.6672471648443, 158.9265298948528, 185.49851086097308, 153.08284837549675, 186.08287901290868, 142.27203756468808, 184.9141427090375, 130.2924904500082, 184.32977455710187, 117.1442070314571, 185.20632678500527, 106.33339622064842, 187.5437993927477, 98.73661024548558, 190.1734560764579, 94.37277053399988, 192.99505284518864, 88.52886434407377, 197.30108898513421, 83.45389317913792, 204.2215042100467, 78.84028302919626, 208.98890136498645, 74.99560790424486, 215.14038156490867, 72.84258983427209, 219.75399171485034, 68.07519267933236, 224.98274988478423, 63.00022151439653, 229.2887860247298, 59.155546389445135, 231.44180409470258, 57.92525034946068, 234.05618317966952, 59.6169074044393, 237.2857102846287, 62.07749948440819, 239.2849413496034, 66.22974861935569, 243.744764494547, 71.45850678928959, 248.81973565948286, 78.53270901920014, 253.4333458094245, 80.35939668843912, 256.7297939295111, 80.35939668843912, 271.94029641932315, 77.1000032977651, 287.33187631972817, 74.3838421388701, 304.3531529154702, 71.66768097997509, 319.56365540528225, 66.92664321452992, 348.10317271540055, 63.71303262851909, 368.7080876492347, 60.99268763797231, 385.60464955849295, 61.42686615975776, 399.0, 233.5540838852097, 398.6754966887417, 230.14778211107426, 382.7475668607007, 228.6178842971359, 354.6539213757509, 230.00196734211863, 305.17295251761743, 238.65248637326087, 299.98264109893205, 247.99504692689447, 300.67468262142347, 258.72169052551084, 302.75080718889757, 269.79435488537285, 307.9411186075829, 279.13691543900643, 317.2836791612165, 285.36528914142883, 326.6262397148501, 283.9812060964461, 333.2006341785182, 282.5971230514633, 342.1971739709061, 281.2130400064806, 352.92381756952244, 280.1749777227435, 362.6123988844017, 290.0560320662917, 364.9749119845868, 296.57481884763973, 364.61275716340083, 299.0, 363.7226257858037, 299.0, 337.4188471375155, 296.55243400218023, 333.7402578454383, 293.11196320091324, 327.7647032958693, 289.85256981023923, 321.4269939251143, 291.1201116843903, 312.5542008060573, 292.93088579032025, 300.60309170691926, 295.28489212802924, 293.72215010438526, 296.9145888233663, 287.56551814422323, 297.19739736198545, 277.4397732734916, 295.92985548783446, 264.58327712138856, 294.4812362030905, 255.34832918114557, 291.7111531005979, 241.80501794745203, 289.4950866186039, 233.21776032972517, 285.43470198675425, 228.00706401765967, 281.7547019867548, 225.60706401766004, 278.71470198675524, 224.96706401766014, 274.71470198675587, 222.08706401766057, 271.35470198675637, 217.92706401766117, 265.4347019867572, 213.1270640176619, 256.1547019867586, 210.2470640176623, 251.67470198675926, 208.16706401766263, 243.51470198676046, 205.92706401766296, 238.07470198676126, 204.9670640176631, 235.1947019867617, 206.2470640176629, 233.114701986762, 209.44706401766243, 230.71470198676235, 216.00706401766146, 227.99470198676275, 222.4070640176605, 222.6800883002226, 226.47805739514294, 218.36008830022325, 228.23805739514268, 213.40008830022396, 227.4380573951428, 206.84008830022495, 225.19805739514314, 198.52008830022618, 218.6380573951441, 192.1200883002271, 216.87805739514437]], "scale": 3, "viewpoint": 2, "zoom_in": 2, "landmarks": [195, 206, 1, 151, 187, 2, 163, 207, 2, 185, 219, 2, 218, 226, 2, 235, 208, 2, 105, 191, 2, 81, 210, 2, 60, 234, 2, 86, 255, 2, 89, 245, 2, 90, 234, 2, 84, 260, 2, 73, 330, 2, 0, 0, 0, 0, 0, 0, 0, 0, 0, 229, 344, 1, 226, 285, 2, 228, 268, 2, 228, 285, 2, 230, 307, 2, 0, 0, 0, 297, 288, 2, 289, 234, 2], "style": 1, "bounding_box": [53, 181, 299, 399], "category_id": 1, "occlusion": 1, "category_name": "short sleeve top"}}