{"source": "user", "pair_id": 7, "item1": {"segmentation": [[109.83526785714287, 110.04330357142858, 105.14776785714287, 114.73080357142858, 100.85089285714287, 119.80892857142858, 93.03839285714287, 123.32455357142858, 84.44464285714287, 124.10580357142858, 69.99151785714287, 130.35580357142857, 61.39776785714288, 135.04330357142857, 54.75714285714288, 134.26205357142857, 43.520535714285714, 141.71785714285716, 35.708035714285714, 146.01473214285716, 30.239285714285717, 146.40535714285716, 24.37991071428572, 149.53035714285716, 11.561607142857143, 157.2111607142857, 5.702232142857144, 165.4142857142857, 3.749107142857145, 172.4455357142857, 2.577232142857145, 197.8361607142857, 0.6941964285714293, 213.0107142857143, 0.4946428571428576, 447.4848214285715, 4.791517857142857, 447.4848214285715, 10.650892857142855, 449.4379464285715, 19.244642857142853, 456.4691964285715, 30.57276785714285, 464.6723214285715, 39.94776785714285, 470.9223214285715, 45.80714285714285, 473.6566964285715, 54.01026785714285, 474.4379464285715, 56.74464285714285, 476.0004464285715, 60.26026785714284, 476.7816964285715, 68.85401785714285, 473.2660714285715, 69.24464285714285, 476.0004464285715, 70.27187500000001, 502.14241071428575, 70.27187500000001, 525.5799107142857, 68.31875000000001, 550.5799107142857, 69.10000000000001, 568.9392857142857, 70.41205357142857, 577.7875, 71.58392857142857, 594.584375, 78.22455357142857, 596.5375, 91.89642857142857, 600.834375, 102.44330357142857, 599.271875, 113.38080357142857, 598.1, 122.36517857142856, 599.271875, 134.08392857142854, 598.88125, 146.58392857142854, 591.459375, 157.13080357142854, 584.428125, 169.24017857142854, 585.6, 185.25580357142854, 587.1625, 201.27142857142854, 587.94375, 221.79553571428573, 588.2642857142857, 241.71741071428573, 587.4830357142857, 259.68616071428573, 590.2174107142857, 270.23303571428573, 590.9986607142857, 278.04553571428573, 597.2486607142857, 291.71741071428573, 599.2017857142857, 296.79553571428573, 598.4205357142857, 314.37366071428573, 605.4517857142857, 332.34241071428573, 610.1392857142857, 347.57678571428573, 610.5299107142857, 359.60089285714287, 614.4, 375.22589285714287, 611.275, 383.42901785714287, 602.68125, 389.28839285714287, 596.040625, 396.31964285714287, 582.36875, 400.22589285714287, 565.571875, 399.83526785714287, 551.9, 400.61651785714287, 530.415625, 403.74151785714287, 515.9625, 407.64776785714287, 493.30625, 408.675, 468.109375, 410.628125, 462.25, 412.190625, 451.703125, 413.3625, 443.109375, 415.315625, 426.703125, 417.26875, 439.203125, 420.003125, 459.125, 419.6125, 471.234375, 419.6125, 482.171875, 423.909375, 489.59375, 434.065625, 495.0625, 450.08125, 493.5, 461.01875, 491.15625, 460.2375, 471.234375, 459.846875, 441.15625, 457.503125, 398.96875, 457.503125, 383.34375, 457.1125, 365.765625, 460.628125, 338.421875, 461.409375, 318.109375, 463.33482142857144, 301.88169642857144, 464.89732142857144, 264.38169642857144, 464.50669642857144, 239.77232142857147, 463.6383928571429, 201.44285714285715, 463.6383928571429, 191.67723214285715, 458.5602678571429, 180.73973214285715, 450.3571428571429, 163.55223214285715, 437.0758928571429, 156.52098214285718, 419.1071428571429, 150.66160714285718, 403.4821428571429, 142.06785714285718, 369.4977678571429, 123.70848214285716, 354.2633928571429, 139.33348214285718, 344.1071428571429, 149.88035714285718, 333.1696428571429, 158.47410714285718, 321.0602678571429, 163.94285714285715, 297.7424107142857, 171.85535714285714, 275.8674107142857, 174.58973214285714, 255.94553571428574, 176.15223214285714, 236.41428571428574, 176.15223214285714, 233.67991071428574, 176.93348214285714, 231.33616071428574, 180.83973214285714, 226.64866071428574, 181.62098214285714, 225.08616071428574, 175.76160714285714, 222.35178571428574, 173.02723214285714, 211.80491071428574, 173.41785714285714, 197.35178571428574, 171.46473214285714, 181.72678571428577, 165.99598214285714, 165.71116071428577, 158.96473214285714, 144.61741071428577, 146.07410714285714, 131.33616071428577, 130.83973214285714, 118.05491071428577, 115.60535714285714]], "scale": 3, "viewpoint": 1, "zoom_in": 2, "landmarks": [237, 177, 2, 114, 117, 2, 171, 183, 2, 246, 210, 2, 322, 189, 2, 371, 129, 2, 6, 167, 2, 0, 0, 0, 0, 0, 0, 0, 0, 0, 0, 0, 0, 69, 476, 2, 74, 448, 2, 74, 417, 2, 74, 363, 2, 66, 299, 2, 78, 364, 2, 74, 453, 2, 74, 595, 2, 222, 589, 2, 392, 597, 2, 410, 469, 2, 418, 367, 2, 422, 326, 2, 426, 376, 2, 418, 429, 2, 421, 459, 2, 424, 491, 2, 462, 491, 2, 461, 443, 2, 458, 399, 2, 463, 303, 2, 456, 183, 2], "style": 1, "bounding_box": [0, 111, 467, 613], "category_id": 2, "occlusion": 1, "category_name": "long sleeve top"}}