{"source": "user", "pair_id": 7, "item1": {"segmentation": [[150.13526785714288, 95.66026785714287, 141.93214285714288, 102.30089285714287, 125.13526785714288, 111.28526785714287, 113.80714285714289, 116.75401785714287, 103.26026785714289, 123.39464285714287, 94.27589285714289, 129.64464285714286, 91.54151785714289, 136.28526785714286, 83.33839285714289, 161.67589285714286, 75.91651785714289, 183.94151785714286, 68.88526785714289, 211.67589285714286, 63.875446428571436, 227.665625, 53.328571428571436, 260.86875, 45.125446428571436, 292.509375, 38.09419642857144, 321.415625, 33.79732142857144, 336.259375, 24.812946428571443, 366.728125, 22.715625, 379.2339285714286, 20.371875, 388.2183035714286, 14.903125, 404.2339285714286, 13.340625, 426.8901785714286, 8.653125000000001, 438.6089285714286, 11.778125000000001, 442.1245535714286, 26.621874999999996, 448.3745535714286, 47.32499999999999, 455.4058035714286, 76.62187499999999, 462.0464285714286, 80.91874999999999, 451.4995535714286, 82.48124999999999, 449.5464285714286, 82.09062499999999, 462.4370535714286, 77.79374999999999, 474.5464285714286, 73.49687499999999, 497.2026785714286, 67.79017857142857, 532.3584821428572, 65.44642857142857, 550.3272321428572, 61.54017857142857, 565.5616071428572, 59.97767857142857, 585.4834821428572, 61.29821428571429, 592.2660714285714, 73.79821428571428, 596.5629464285714, 90.98571428571428, 604.3754464285714, 110.12633928571427, 608.6723214285714, 121.06383928571427, 608.6723214285714, 126.92321428571427, 607.5004464285714, 132.78258928571427, 608.2816964285714, 133.56383928571427, 610.6254464285714, 145.28258928571427, 611.7973214285714, 151.14196428571427, 610.2348214285714, 175.19464285714287, 615.5633928571428, 201.36651785714287, 615.9540178571428, 229.52544642857143, 621.1616071428572, 238.90044642857143, 621.1616071428572, 435.42857142857144, 622.6285714285715, 432.0, 549.9428571428572, 426.51428571428573, 488.9142857142857, 423.7714285714286, 471.0857142857143, 433.37142857142857, 475.20000000000005, 458.7428571428572, 480.0, 464.22857142857146, 476.5714285714286, 467.0, 125.66830357142858, 463.9165178571429, 119.80892857142858, 456.1040178571429, 104.57455357142858, 449.4633928571429, 99.88705357142858, 434.6196428571429, 94.41830357142858, 422.5102678571429, 88.1683035714286, 416.6508928571429, 88.1683035714286, 408.4477678571429, 83.0901785714286, 401.8071428571429, 83.0901785714286, 390.0883928571429, 79.1839285714286, 376.0258928571429, 73.7151785714286, 363.1352678571429, 67.8558035714286, 357.6665178571429, 70.5901785714286, 353.7602678571429, 80.3558035714286, 345.55714285714294, 90.5120535714286, 333.44776785714294, 101.84017857142858, 315.08839285714294, 115.12142857142858, 301.64419642857143, 120.59866071428571, 283.67544642857143, 126.06741071428571, 271.56607142857143, 129.1924107142857, 257.50357142857143, 129.1924107142857, 252.81607142857143, 130.7549107142857, 248.12857142857143, 140.5205357142857, 246.17544642857143, 138.9580357142857, 244.22232142857143, 133.4892857142857, 238.36294642857143, 132.7080357142857, 227.42544642857143, 133.8799107142857, 214.14419642857143, 133.8799107142857, 196.17544642857146, 129.5830357142857, 182.11294642857146, 124.11428571428571, 171.95669642857146, 115.91116071428571, 164.69464285714287, 106.1732142857143, 155.71026785714287, 95.2357142857143]], "scale": 3, "viewpoint": 1, "zoom_in": 2, "landmarks": [258, 132, 2, 151, 101, 2, 195, 145, 2, 259, 150, 2, 320, 127, 2, 361, 71, 2, 93, 137, 2, 66, 229, 2, 34, 335, 2, 23, 381, 2, 12, 441, 2, 78, 464, 2, 91, 429, 2, 95, 393, 2, 105, 331, 2, 110, 281, 2, 108, 319, 2, 82, 463, 2, 63, 592, 2, 240, 619, 2, 0, 0, 0, 428, 488, 2, 432, 344, 2, 435, 272, 2, 432, 352, 2, 428, 410, 2, 427, 441, 2, 427, 472, 2, 0, 0, 0, 0, 0, 0, 0, 0, 0, 0, 0, 0, 456, 105, 2], "style": 1, "bounding_box": [8, 67, 466, 623], "category_id": 2, "occlusion": 1, "category_name": "long sleeve top"}}