{"source": "user", "pair_id": 15, "item1": {"segmentation": [[220.22857142857674, 29.955555555555165, 210.00634920635406, 27.28888888888838, 202.0063492063537, 26.844444444443916, 195.78412698413118, 26.844444444443916, 182.8952380952417, 21.955555555554803, 174.89523809524133, 20.177777777776942, 168.6730158730188, 22.84444444444373, 160.22857142857399, 16.622222222221225, 152.22857142857362, 13.955555555554433, 141.56190476190648, 11.288888888887644, 135.78412698412842, 10.399999999998716, 126.45079365079467, 9.066666666665324, 112.2285714285718, 14.3999999999989, 100.67301587301571, 18.399999999999082, 90.00634920634856, 27.28888888888838, 86.00634920634837, 33.95555555555535, 82.89523809523712, 38.4, 76.22857142857015, 40.177777777777855, 73.56190476190335, 45.51111111111143, 72.22857142856996, 51.733333333333945, 65.11746031745852, 60.17777777777877, 55.3396825396803, 70.40000000000146, 43.33968253967975, 79.73333333333522, 44.67301587301314, 88.62222222222452, 34.895238095234916, 97.51111111111382, 29.68888888889003, 96.92698412698302, 23.911111111111985, 104.48253968253891, 22.577777777778593, 110.70476190476143, 15.466666666667155, 118.26031746031732, 0.0, 140.92698412698502, 0.0, 279.1004464285699, 48.08080357143017, 282.61607142857, 55.112053571430465, 281.05357142856997, 55.112053571430465, 288.08482142857025, 0.03392857142810257, 306.44419642857105, 0.0, 322.06919642857173, 5.11205357142832, 314.6473214285714, 12.533928571428639, 308.0066964285711, 16.440178571428806, 305.66294642857105, 22.29955357142906, 302.92857142857093, 28.158928571429307, 300.5848214285708, 36.752678571429676, 299.41294642857076, 42.612053571429925, 298.6316964285707, 48.862053571430195, 298.2410714285707, 55.89330357143049, 295.5066964285706, 46.90892857143011, 313.08482142857133, 37.53392857142971, 323.6316964285718, 30.112053571429392, 331.0535714285721, 0.0, 388.88705357142874, 0.0, 540.3428571428572, 24.0, 559.5428571428572, 56.228571428571435, 580.8000000000001, 92.57142857142857, 604.8000000000001, 129.6, 623.0, 253.71428571428572, 623.0, 281.14285714285717, 609.6, 294.1714285714286, 596.5714285714286, 302.40000000000003, 582.8571428571429, 304.45714285714286, 576.0, 308.5714285714286, 567.7714285714286, 309.9428571428572, 548.5714285714286, 314.74285714285713, 527.3142857142857, 318.8571428571429, 511.54285714285714, 320.22857142857146, 478.62857142857143, 316.11428571428576, 458.0571428571429, 314.74285714285713, 434.0571428571429, 314.74285714285713, 412.8, 323.6571428571429, 370.9714285714286, 329.8285714285714, 355.20000000000005, 344.9142857142857, 328.45714285714286, 350.40000000000003, 319.54285714285714, 353.8285714285714, 314.0571428571429, 366.1714285714286, 316.8, 370.2857142857143, 333.9428571428572, 371.6571428571429, 374.40000000000003, 365.4857142857143, 418.9714285714286, 359.31428571428575, 456.0, 362.74285714285713, 470.40000000000003, 366.8571428571429, 521.1428571428572, 377.14285714285717, 600.6857142857143, 387.42857142857144, 573.9428571428572, 397.7142857142857, 557.4857142857143, 418.9714285714286, 545.1428571428572, 447.7714285714286, 534.1714285714286, 465.6, 530.7428571428571, 467.0, 136.01487743026243, 460.8, 125.95570583262875, 453.10769230769193, 120.63026204564622, 448.9656804733722, 120.03854606931482, 437.7230769230757, 120.03854606931482, 434.17278106508735, 120.03854606931482, 434.17278106508735, 113.5296703296695, 427.07218934911066, 117.07996618765786, 425.8887573964479, 117.07996618765786, 415.2378698224828, 107.0207945900242, 400.444970414198, 98.1450549450533, 392.75266272188986, 94.00304311073356, 384.4686390532504, 85.71901944209407, 377.9597633136051, 85.12730346576268, 362.5751479289889, 89.26931530008241, 330.0307692307623, 112.93795435333811, 303.99526627218097, 130.09771766694848, 287.53136094674966, 136.12578191039856, 271.45088757395445, 138.9734573119194, 243.64023668637898, 141.93203719357635, 233.09349112426153, 139.08436179205552, 214.15857988165698, 111.27371090448008, 205.87455621301748, 91.74708368554414, 204.0994082840233, 73.99560439560236, 204.0994082840233, 51.51039729500945, 211.7917159763314, 33.75891800506767]], "scale": 3, "viewpoint": 2, "zoom_in": 2, "landmarks": [282, 79, 1, 211, 29, 2, 201, 83, 2, 228, 142, 2, 310, 128, 2, 385, 87, 2, 130, 12, 2, 46, 88, 2, 0, 0, 0, 0, 0, 0, 0, 0, 0, 56, 297, 2, 45, 282, 2, 46, 263, 2, 73, 206, 2, 99, 146, 2, 84, 188, 2, 30, 335, 1, 0, 0, 0, 126, 623, 2, 308, 574, 2, 313, 437, 1, 364, 286, 2, 387, 247, 2, 371, 365, 1, 366, 470, 2, 369, 522, 2, 376, 589, 2, 0, 0, 0, 0, 0, 0, 0, 0, 0, 0, 0, 0, 451, 127, 2], "style": 3, "bounding_box": [1, 8, 466, 623], "category_id": 2, "occlusion": 1, "category_name": "long sleeve top"}}