{"source": "user", "pair_id": 6, "item1": {"segmentation": [[213.7283950617284, 213.16402116402116, 209.77777777777777, 214.5467372134039, 213.7283950617284, 215.33686067019403, 216.69135802469137, 218.299823633157, 219.06172839506172, 226.7936507936508, 220.64197530864197, 233.90476190476193, 222.41975308641975, 244.37389770723104, 222.6172839506173, 251.48500881834215, 216.09876543209876, 253.0652557319224, 204.44444444444446, 254.4479717813051, 188.59118165784832, 253.1216931216931, 183.30864197530863, 250.89241622574957, 176.19753086419752, 246.94179894179896, 171.06172839506172, 245.16402116402116, 165.4800705467372, 250.9488536155203, 161.13439153439154, 255.29453262786598, 156.9862433862434, 261.61552028218694, 151.65291005291007, 268.9241622574956, 143.35661375661377, 277.2204585537919, 138.22081128747797, 283.93650793650795, 136.73086419753085, 287.42998236331573, 131.59506172839505, 292.17072310405644, 136.13827160493827, 297.1089947089947, 146.40987654320986, 306.39294532627866, 159.4469135802469, 317.25714285714287, 165.57037037037037, 321.60282186948854, 170.3111111111111, 318.047266313933, 185.91604938271604, 307.7756613756614, 195.00246913580247, 301.4546737213404, 202.90370370370368, 302.44232804232803, 206.0641975308642, 305.405291005291, 207.92805377424088, 311.01661129568106, 210.52405161090937, 317.29027273429654, 212.83104056437392, 326.49029982363317, 215.0670478250792, 340.65425326431273, 215.20141093474427, 345.05820105820106, 211.84338624338625, 347.8236331569665, 209.6705467372134, 353.35449735449737, 209.27548500881835, 356.31746031746036, 206.51005291005293, 358.88536155202826, 205.7199294532628, 364.2186948853616, 203.942151675485, 377.05820105820106, 203.54708994708994, 391.6754850088183, 201.76931216931217, 405.70017636684304, 200.78165784832453, 416.56437389770724, 202.32804232804233, 434.28007054673725, 202.13051146384478, 446.3294532627866, 202.9206349206349, 452.45291005291006, 200.1552028218695, 462.52698412698413, 200.74779541446208, 469.04550264550267, 201.93298059964727, 471.02081128747795, 200.94532627865962, 481.29241622574955, 200.1552028218695, 495.31710758377426, 203.11816578483246, 495.51463844797183, 207.2663139329806, 498.47760141093477, 210.62433862433863, 499.66278659611993, 213.25996472663138, 501.18659611992945, 218.79082892416224, 506.1248677248677, 227.67971781305116, 511.85326278659613, 241.90194003527336, 513.6310405643738, 263.43280423280424, 512.8409171075838, 285.7537918871252, 511.65573192239856, 299.7784832451499, 509.28536155202823, 313.18800705467373, 505.7354497354498, 326.0275132275132, 499.21693121693124, 325.4349206349206, 473.3403880070547, 329.38553791887125, 468.00705467372137, 329.58306878306877, 452.00705467372137, 330.1756613756614, 432.84656084656086, 330.1756613756614, 427.51322751322755, 329.4024691358025, 406.7499118165785, 328.2172839506173, 385.8116402116402, 325.25432098765435, 368.62645502645506, 324.2666666666667, 360.7252204585538, 321.3037037037037, 354.20670194003526, 319.0857142857143, 341.79611992945325, 319.6783068783069, 326.5862433862434, 321.6536155202822, 315.12945326278657, 323.0363315696649, 302.6850088183421, 322.2462081128748, 293.0059964726631, 322.83880070546735, 281.74673721340383, 331.6712522045855, 280.23985890652557, 342.53544973544973, 278.6596119929453, 347.4793650793651, 278.8627865961199, 350.831746031746, 278.8571428571429, 351.23245149911816, 290.32522045855376, 356.17072310405644, 285.78201058201057, 359.52874779541446, 279.85608465608465, 359.33121693121694, 275.3128747795414, 354.39294532627866, 267.6091710758377, 352.4176366843034, 249.63386243386242, 350.2447971781305, 232.8437389770723, 345.6959435626102, 225.326278659612, 337.99788359788363, 221.3869488536155, 328.3188712522046, 218.62151675485006, 317.25714285714287, 217.0412698412698, 312.7139329805997, 216.64620811287477, 310.33791887125216, 221.96825396825398, 307.77001763668426, 227.69664902998238, 303.22680776014107, 235.005291005291, 296.11569664903, 242.90652557319225, 289.47865961199295, 248.1269841269841, 279.9971781305115, 249.70723104056435, 270.31816578483244, 249.70723104056435, 255.1082892416226, 249.3121693121693, 248.98483245149913, 249.70723104056435, 246.8119929453263, 235.68253968253967, 244.63915343915346, 226.9911816578483, 241.47865961199295, 219.2874779541446, 236.14532627865964, 211.5837742504409, 230.41693121693123, 207.43562610229276, 228.04656084656085, 207.63315696649028, 227.0589065255732, 209.015873015873, 222.51569664903, 211.18871252204585]], "scale": 2, "viewpoint": 2, "zoom_in": 1, "landmarks": [276, 215, 1, 233, 208, 2, 247, 234, 2, 271, 251, 1, 302, 240, 1, 315, 217, 2, 213, 214, 2, 170, 246, 2, 132, 293, 2, 167, 321, 2, 184, 310, 2, 200, 302, 2, 206, 307, 2, 214, 334, 2, 216, 363, 1, 202, 419, 2, 200, 494, 2, 265, 513, 2, 325, 501, 2, 330, 427, 2, 324, 362, 2, 320, 326, 1, 322, 293, 2, 325, 259, 2, 324, 271, 2, 323, 282, 2, 359, 279, 2, 353, 253, 2, 339, 223, 2], "style": 1, "bounding_box": [130, 205, 362, 517], "category_id": 10, "occlusion": 1, "category_name": "short sleeve dress"}}