{"source": "user", "pair_id": 5, "item1": {"segmentation": [[217.4723861996587, 151.42636757182171, 219.30893349075149, 159.1398661944113, 222.24740915649988, 163.54757969303392, 225.55319428046687, 169.0572215663122, 226.6551226551225, 170.15914994096784, 229.96090777908947, 171.62838777384206, 233.634002361275, 174.19955398137193, 237.30709694346052, 176.0361012724647, 240.98019152564603, 179.34188639643165, 245.0205955660501, 178.9745769382131, 248.69369014823562, 177.87264856355745, 253.83602256329536, 174.93417289780902, 256.4071887708252, 172.7303161484977, 260.4475928112293, 169.7918404827493, 263.01875901875917, 166.48605535878232, 265.22261576807045, 163.91488915125245, 270.3649481831302, 161.3437229437226, 275.87459005640846, 160.6091040272855, 278.44575626393834, 159.1398661944113, 282.85346976256096, 156.93600944509998, 292.77082513446186, 160.24179456906694, 299.38239538239577, 162.0783418601597, 303.0554899645813, 162.44565131837825, 312.60553587826365, 167.22067427521944, 307.8305129214225, 174.56686343959046, 303.42279942279987, 187.4226944772398, 303.42279942279987, 194.40157418339228, 300.85163321527, 203.58431063885607, 299.7497048406143, 209.09395251213434, 295.70930080021026, 216.80745113472395, 294.97468188377314, 223.78633084087642, 294.97468188377314, 228.19404433949904, 295.34199134199173, 238.11139971139994, 297.1785386330845, 245.45758887577097, 300.1170142988329, 252.80377804014202, 300.4843237570514, 264.1903712449171, 300.1170142988329, 279.6173684900963, 299.7497048406143, 293.9424373606198, 301.5862521317071, 303.85979273252076, 303.42279942279987, 314.1444575626402, 304.5247277974555, 324.4291223927596, 305.2593467138926, 335.0810966810976, 307.4632034632039, 343.52921422012435, 313.22576413485496, 361.03749180112754, 316.16423980060335, 381.23951200314787, 318.0007870916961, 394.8299619572343, 320.571953299226, 414.29736324281754, 320.571953299226, 437.80516856880485, 322.7758100485373, 472.6995670995673, 332.6984607075363, 505.7918444504485, 321.6738816738816, 504.6554899645813, 318.7354060081332, 509.06320346320393, 312.1238357601993, 509.79782237964105, 305.1449560540468, 510.1651318378596, 300.36993309720566, 511.2670602125152, 297.0641479732387, 512.3689885871709, 293.39105339105316, 515.6747737111378, 290.45257772530476, 518.9805588351048, 283.10638856093374, 523.3882723337274, 279.43329397874817, 523.0209628755089, 273.9236521054699, 519.3478682933234, 268.0467007739731, 516.4093926275749, 265.47553456644323, 515.6747737111378, 264.7409156500061, 515.6747737111378, 262.5370589006948, 526.3267479994759, 262.5370589006948, 535.8767939131582, 254.82356027810522, 539.1825790371252, 249.68122786304548, 540.6518168699994, 243.4369670733301, 540.6518168699994, 232.41768332677356, 539.1825790371252, 232.41768332677356, 529.6325331234428, 229.11189820280657, 528.8979142070057, 225.43880362062106, 529.2652236652243, 222.1330184966541, 531.8363898727541, 217.72530499803148, 532.5710087891912, 205.2367834186007, 525.9594385412573, 200.82906991997808, 524.8575101666016, 195.3194280466998, 523.0209628755089, 186.87131050767312, 522.2863439590718, 180.25974025973917, 520.8171061261976, 172.17893217893103, 514.5728453364821, 164.83882985701183, 511.9112160566705, 158.59456906729645, 508.60543093270354, 153.81954611045526, 506.03426472517367, 151.2483799029254, 504.1977174340809, 152.7176177357996, 495.38229043683566, 152.35030827758106, 482.52645939918636, 151.2483799029254, 474.8129607765968, 150.88107044470684, 462.6917486553846, 149.04452315361408, 453.5090121999208, 149.04452315361408, 444.326275744457, 149.04452315361408, 434.0416109143375, 152.35030827758106, 418.2473042109398, 154.9214744851109, 406.8607110061647, 155.65609340154802, 396.94335563426375, 157.12533123442222, 390.6990948445484, 158.2272596090779, 381.8836678473032, 159.32918798373353, 373.0682408500579, 160.79842581660773, 369.76245572609093, 165.5027154663518, 345.5781713236257, 167.33926275744454, 340.435838908566, 170.27773842319297, 326.47807949626105, 172.84890463072284, 316.9280335825787, 175.05276138003416, 307.0106782106778, 176.8893086711269, 300.0317985045253, 178.72585596221967, 291.5836809654986, 180.19509379509387, 280.1970877607235, 180.56240325331243, 268.81049455594837, 183.50087891906082, 258.15852026761036, 183.86818837727938, 252.6488783943321, 188.10421094057472, 217.5462678735404, 189.57344877344892, 205.05774629410962, 189.57344877344892, 197.34424767152, 188.47152039879327, 185.2230355503078, 188.47152039879327, 176.7749180112811, 187.73690148235616, 165.75563426472456, 186.26766364948196, 159.8786829332277, 185.53304473304485, 157.67482618391642, 197.65425685425706, 157.30751672569787, 206.4696838515023, 156.9402072674793]], "scale": 2, "viewpoint": 2, "zoom_in": 1, "landmarks": [241, 159, 1, 218, 152, 2, 225, 168, 1, 243, 179, 1, 262, 166, 1, 281, 157, 2, 186, 160, 2, 187, 218, 1, 184, 253, 1, 179, 303, 2, 158, 394, 2, 151, 509, 2, 253, 542, 2, 332, 505, 2, 316, 382, 2, 304, 313, 2, 300, 252, 1, 300, 209, 2, 311, 171, 2], "style": 3, "bounding_box": [144, 145, 338, 544], "category_id": 12, "occlusion": 2, "category_name": "vest dress"}}