{"source": "user", "pair_id": 17, "item1": {"segmentation": [[134.4, 224.22857142857143, 147.42857142857144, 237.94285714285715, 156.34285714285716, 246.17142857142858, 164.57142857142858, 251.65714285714287, 172.8, 256.45714285714286, 182.4, 259.8857142857143, 192.0, 260.5714285714286, 200.9142857142857, 261.25714285714287, 211.20000000000002, 260.5714285714286, 220.8, 258.51428571428573, 233.82857142857145, 251.65714285714287, 241.3714285714286, 247.54285714285714, 246.85714285714286, 239.31428571428572, 241.3714285714286, 228.34285714285716, 228.34285714285716, 223.54285714285714, 223.54285714285714, 207.77142857142857, 233.82857142857145, 209.14285714285717, 246.17142857142858, 216.0, 254.4, 222.85714285714286, 256.45714285714286, 226.2857142857143, 264.0, 228.34285714285716, 274.9714285714286, 229.02857142857144, 285.25714285714287, 231.0857142857143, 296.9142857142857, 231.77142857142857, 305.14285714285717, 234.51428571428573, 324.34285714285716, 237.25714285714287, 333.25714285714287, 241.3714285714286, 353.8285714285714, 254.4, 375.7714285714286, 277.7142857142857, 386.7428571428572, 296.9142857142857, 394.2857142857143, 308.5714285714286, 398.40000000000003, 324.34285714285716, 405.9428571428572, 345.6, 418.28571428571433, 370.2857142857143, 421.7142857142857, 405.9428571428572, 438.8571428571429, 423.7714285714286, 447.7714285714286, 430.62857142857143, 451.8857142857143, 436.11428571428576, 436.8, 445.02857142857147, 429.9428571428572, 458.7428571428572, 426.51428571428573, 469.02857142857147, 425.8285714285714, 476.5714285714286, 427.20000000000005, 490.9714285714286, 434.0571428571429, 506.7428571428572, 437.4857142857143, 510.8571428571429, 466.9714285714286, 503.31428571428575, 466.9714285714286, 527.3142857142857, 454.62857142857143, 527.3142857142857, 410.0571428571429, 505.3714285714286, 397.02857142857147, 505.3714285714286, 376.45714285714286, 501.25714285714287, 392.22857142857146, 536.9142857142857, 410.7428571428572, 582.8571428571429, 416.22857142857146, 623.0, 31.542857142857144, 623.0, 32.91428571428572, 594.5142857142857, 18.514285714285716, 591.7714285714286, 1.3714285714285714, 588.3428571428572, 0.0, 312.6857142857143, 24.0, 290.0571428571429, 43.885714285714286, 281.14285714285717, 60.34285714285715, 270.8571428571429, 86.4, 252.34285714285716, 96.6857142857143, 254.4, 104.91428571428573, 258.51428571428573, 118.62857142857143, 250.9714285714286, 117.94285714285715, 237.25714285714287, 124.11428571428571, 232.45714285714286, 129.6, 232.45714285714286, 135.77142857142857, 235.8857142857143]], "scale": 3, "viewpoint": 2, "zoom_in": 2, "landmarks": [194, 238, 1, 135, 226, 2, 170, 255, 2, 208, 260, 2, 247, 237, 2, 230, 211, 2, 12, 303, 2, 0, 0, 0, 0, 0, 0, 0, 0, 0, 0, 0, 0, 0, 0, 0, 0, 0, 0, 0, 0, 0, 0, 0, 0, 87, 441, 2, 82, 493, 2, 80, 563, 2, 0, 0, 0, 0, 0, 0, 0, 0, 0, 0, 0, 0, 0, 0, 0, 0, 0, 0, 0, 0, 0, 383, 529, 2, 387, 432, 2, 390, 414, 2, 382, 452, 2, 392, 498, 2, 424, 511, 2, 0, 0, 0, 454, 437, 1, 434, 425, 1, 421, 413, 1, 405, 348, 2, 382, 286, 1], "style": 1, "bounding_box": [0, 205, 467, 623], "category_id": 11, "occlusion": 1, "category_name": "long sleeve dress"}}