{"source": "user", "pair_id": 8, "item1": {"segmentation": [[0.5162199352675572, 260.25824175824175, 5.454491540205818, 257.03324805705756, 10.695106304630094, 254.00981646219742, 15.129472643758328, 250.48247960152725, 17.850561079132472, 247.05592379401907, 20.47086846134461, 244.4356164118069, 27.525542182684983, 241.21062271062274, 31.6575653623272, 235.66766478671246, 37.59912010388199, 227.64049460239937, 41.227238017714186, 226.6326840707793, 46.367071728976455, 224.91940616702522, 51.00300017442869, 213.63192821288064, 52.75095838905362, 210.03749442797056, 60.41031842936602, 203.78906913192623, 66.86030583173437, 200.36251332441805, 74.01576060623674, 194.0133069752117, 80.36496695544308, 189.67972168924547, 86.25952671666951, 186.6193460860127, 96.67854914045388, 179.622352074733, 104.6402523402523, 174.38173731030872, 113.30742291218476, 169.74580886485649, 120.26131558036313, 165.71456673837628, 128.8277050991336, 158.35754985754988, 134.91087853944998, 153.86776750586276, 137.32962381533812, 152.96073802740472, 142.5702385797624, 153.96854855902475, 151.74131441750487, 157.09276120704692, 159.29989340465528, 159.61228753609706, 171.0912766246099, 160.4185359613931, 180.96781983448642, 160.8216601740411, 195.05806151520434, 160.92470492470488, 207.655693160455, 161.42861019051492, 218.43926584878957, 161.83173440316293, 241.5521735759831, 161.36477314572548, 252.9404325832897, 158.84524681667534, 269.1661821423726, 157.8374362850553, 280.15131693703114, 155.01556679651915, 296.97496172258076, 152.50835513692655, 305.9444754539992, 149.18258038258037, 312.0921196968815, 145.45368141558617, 316.4257049828478, 143.13571719286006, 324.64601624125436, 140.8877473496521, 328.57647731457257, 140.4846231370041, 331.8014710157567, 140.8877473496521, 333.5147489195108, 144.31430315716028, 337.344428939667, 148.95023160261252, 339.9647363218792, 152.98147372909273, 341.87957633195725, 155.09787584549485, 342.4842626509293, 158.32286954667902, 347.52331530902956, 158.52443165300303, 350.6475279570517, 159.43146113146108, 355.18267534934193, 161.85020640734922, 362.23734907068234, 165.7806674806674, 371.6099870147488, 169.91269066030964, 381.74676822295874, 171.98146403860687, 389.2045661569471, 177.12129774986914, 394.8483051340194, 184.17597147120952, 399.1818904199856, 191.53298835203591, 404.3217241312479, 198.6884431265383, 409.46155784251016, 204.13061999728657, 420.51831695641215, 217.1676861057813, 426.6659611992945, 226.43954299668582, 430.09251700680267, 231.07547144213805, 436.542504409171, 233.7965598775122, 444.7057697152934, 237.5254588445064, 453.17137818090185, 240.54889043936657, 461.6369866465103, 243.1691978215787, 465.840634145396, 247.31742930790546, 467.0, 250.44164195592762, 467.0, 268.58223152508856, 467.0, 272.9158168110548, 467.0, 300.5146132527085, 467.0, 308.9802217183169, 466.2252863538577, 310.08881330309896, 464.31044634377963, 311.096623834719, 459.9768610578134, 310.491937515747, 455.44171366552314, 307.77084908037284, 452.216719964339, 305.95679012345676, 448.1115898211136, 305.2244297149059, 442.0647266313933, 307.240050778146, 432.8936507936508, 308.7517665755761, 426.74600655076847, 310.66660658565416, 423.2186696900983, 309.05410973506207, 418.68352229780805, 308.55020446925204, 413.9468127991938, 310.76738763881616, 410.4194759385236, 313.99238134000035, 408.0007306626355, 315.50409713743045, 407.68444289396666, 325.308382270287, 407.78522394712866, 330.6497780878733, 409.39772079772075, 335.99117390545956, 410.6070934356648, 342.0380370951799, 410.8086555419888, 351.61223714557036, 411.2403027307789, 358.33541097350616, 411.945770102913, 368.2119541833827, 411.84498904975095, 377.3830300211252, 412.852799581371, 384.7400469019516, 413.7497780878733, 400.94216330406806, 413.9513401941973, 411.4233928329166, 416.16852336376144, 419.78822024536305, 418.0833633738395, 427.6491423919995, 418.0833633738395, 432.68819505009975, 419.9982033839176, 442.1616140473282, 420.50210864972763, 452.23971936352876, 420.7036707560517, 461.10845204178526, 421.8799930228501, 473.40700040700034, 421.8799930228501, 488.2218152218151, 421.6784309165261, 498.8038258038257, 422.28311723549814, 509.68817954532227, 423.3155571060332, 519.3541058588678, 425.7343023819214, 530.7423648661744, 426.8428939667034, 538.3009438533247, 427.6491423919995, 552.9141965618155, 428.51696416458316, 567.5929162548209, 429.22243153671724, 577.1671163052115, 430.38870283155995, 583.7794581080295, 432.00119968215205, 596.9817760722522, 433.55601682268343, 609.1448630734345, 434.26148419481746, 620.230778921255, 435.3700757795995, 633.0299726728298, 437.34875283446706, 645.8554257030447, 438.6589065255731, 662.1819563152897, 440.8777196348625, 670.7891834796596, 442.28865437913055, 677.541514041514, 440.7769385817005, 682.4797856464522, 415.0476171095218, 689.7376514138418, 393.9843769986627, 693.567331433998, 380.177372715468, 695.9860767098861, 371.0062968777255, 696.6915440820202, 358.98093493807784, 697.857815376863, 343.158309591643, 698.966406961645, 325.78765819718194, 699.6903463379654, 296.00862259433677, 699.147233366281, 290.6856987809368, 698.7256371494466, 287.35992402659065, 700.7412582126867, 276.27400817877003, 700.8420392658487, 265.1880923309495, 700.8420392658487, 254.20295753629088, 701.3459445316588, 244.17637459542223, 702.549159834874, 234.61512297226577, 701.9998895284609, 221.31202395488108, 703.914729538539, 209.0167354691164, 704.317853751187, 193.76248619105755, 705.1918328584995, 178.84689032308077, 704.5871465395275, 165.84613446518208, 703.3777739015834, 142.5478729383491, 702.7507219411981, 125.51587495397018, 702.34759772855, 112.17583192821289, 701.8498497974688, 77.84317692889118, 699.5895652848034, 62.72601895459039, 698.6825358063453, 42.95898792565457, 698.2732542589684, 38.0207163207163, 698.8779405779405, 34.594160513208124, 698.5755974184545, 34.0902552473981, 692.0248289629242, 33.68713103475008, 682.8537531251817, 33.888693141074086, 670.558464639417, 33.73865341008196, 663.8706048801286, 33.23474814427193, 652.88547008547, 33.94021551640597, 638.3729984301413, 35.25036920751204, 625.7753667848906, 37.46755237707616, 613.2785161928019, 39.55090412233268, 597.6457720410101, 40.96183886660076, 586.7614182995135, 43.179022036164874, 579.4044014186871, 44.89229993991897, 568.1169234645425, 45.69854836521501, 562.4731844874702, 48.11729364110314, 545.7402697831268, 49.93135259801923, 533.1426381378761, 52.854003139717385, 519.9403201736535, 52.854003139717385, 508.9551853789949, 56.091311510359084, 478.0244568482663, 57.50224625462716, 466.83775994728376, 58.51005678624721, 454.6432525146811, 58.174663255615606, 432.3058065391398, 59.48481694672168, 423.63863596720734, 60.794970637827745, 410.83944221563263, 59.887941159369696, 399.45118320832603, 58.797821578773934, 383.69692230168414, 59.100164738259956, 374.32428435761767, 59.704851057231984, 367.5719537957633, 60.511099482528024, 364.75008430722716, 60.511099482528024, 360.51728007442296, 57.48766788766787, 354.97432215051265, 56.58063840920982, 348.5243347481443, 55.87517103707579, 343.48528209004405, 52.3478341764056, 346.81105684439024, 47.81268678411536, 350.6407368645464, 39.20545961974531, 357.9608097370002, 35.1742174932651, 358.2631528964862, 31.64688063259491, 361.2865844913464, 27.737155260964762, 361.78043878520066, 24.81450471926661, 360.36950404093255, 22.597321549702492, 356.43904296761434, 23.10122681551252, 350.19061767157, 23.403569974998533, 344.3453165881737, 23.806694187646556, 339.91095024904547, 23.90747524080856, 338.5000155047774, 19.876233114328347, 338.7015776111014, 14.995641219450736, 337.58909238909234, 10.80820202724963, 333.1116247068628, 5.86993042231137, 332.6077194410528, 2.0402504021551677, 329.8866310056786, 0.0, 309.57032967032967, 0.0, 283.08791208791206]], "scale": 3, "viewpoint": 1, "zoom_in": 2,