{"source": "user", "pair_id": 8, "item1": {"segmentation": [[0.24308390022676174, 270.7660367850844, 2.460267069790879, 266.23088939279415, 5.786041824137055, 260.68793146888385, 9.111816578483229, 254.2379440665155, 11.933686067019378, 249.50123456790126, 16.871957671957638, 243.85749559082896, 20.600856638951836, 239.82625346434875, 21.911010330057906, 236.39969765684057, 22.21335348954392, 228.23643235071813, 22.280675233056165, 216.03749055177627, 22.079113126732157, 208.37813051146387, 23.187704711514215, 205.05235575711768, 24.296296296296273, 199.81174099269342, 25.70723104056435, 197.19143361048128, 25.808012093726354, 194.36956412194513, 24.800201562106302, 189.7336356764929, 25.06505416981606, 179.63335852859663, 24.964273116654056, 173.98961955152433, 25.36739732930208, 167.33807004283196, 25.165835222978068, 159.9810531620056, 27.48379944570419, 157.96543209876546, 33.3291005291005, 152.22091206853116, 40.12899974804735, 143.95243134290752, 48.19148400100777, 137.5024439405392, 53.532879818594054, 132.46339128243892, 56.858654572940225, 128.73449231544473, 61.393801965230466, 123.29231544469643, 68.14613252708483, 118.8579491055682, 74.69125724363815, 115.44106827916352, 81.3428067523305, 111.61138825900731, 84.76936255983868, 110.80513983371128, 89.70763416477695, 104.55671453766695, 92.16225749559081, 101.94003527336858, 100.12396069538923, 99.52128999748045, 111.00831443688581, 95.38926681783823, 115.82806752330555, 92.62867220962458, 121.47180650037785, 88.69821113630637, 125.60382968002007, 85.77556059460822, 128.41441169060218, 83.5148400100781, 131.94174855127238, 82.91015369110607, 136.2753338372386, 82.91015369110607, 142.62454018644493, 84.62343159486016, 153.2065507684555, 88.65467372134037, 159.75731922398583, 91.57732426303853, 166.30808767951618, 94.80231796422271, 172.85885613504652, 97.82574955908287, 185.56775006298818, 103.52310405643739, 194.53726379440664, 107.25200302343158, 204.71615016376919, 111.1824640967498, 216.70909549004782, 115.21370622323, 225.07392290249425, 116.62464096749808, 227.7897707231041, 146.42842025699164, 228.3843789367599, 159.31670445956158, 230.70234315948602, 170.50340136054416, 234.26717057193247, 176.44383975812545, 237.9960695389267, 179.56805240614761, 241.08279163517255, 173.4260519022423, 242.19138321995462, 168.28621819098004, 242.86137566137566, 116.81048122952883, 252.23401360544216, 113.78704963466868, 260.39727891156457, 111.67064751826656, 270.4753842277651, 108.34487276392039, 289.3496598639456, 101.54094230284704, 300.53635676492814, 98.11438649533886, 309.40508944318464, 95.49407911312673, 317.064449483497, 92.36986646510456, 333.78080120937267, 86.75958679768203, 339.726883345931, 84.84474678760394, 343.7581254724112, 84.3408415217939, 348.59561602418745, 86.35646258503401, 353.3323255228017, 91.29473418997227, 356.2549760644999, 95.82988158226252, 359.17762660619803, 101.77596371882083, 363.0073066263542, 108.9314184933232, 373.13136810279667, 127.44812295288487, 377.3641723356009, 133.69654824892922, 381.5969765684051, 139.94497354497352, 384.01572184429324, 146.39496094734187, 386.6360292265054, 153.34885361552023, 390.26414714033757, 157.58165784832445, 392.4813303099017, 162.0160241874527, 398.1786848072562, 172.44646006550772, 402.9153943058705, 178.79566641471408, 405.3341395817586, 183.73393801965233, 407.75288485764673, 190.68783068783068, 409.36538170823883, 195.32375913328295, 409.5669438145628, 201.9753086419753, 409.06303854875284, 206.81279919375154, 407.85366591080873, 211.14638447971777, 405.73726379440666, 215.27840765936, 404.6286722096246, 218.10027714789615, 406.8458553791887, 221.82917611489034, 410.4739732930209, 226.16276140085657, 417.29967246157725, 236.05381708238855, 422.84263038548755, 240.08505920886876, 424.9590325018897, 244.31786344167298, 428.0832451499118, 250.3647266313933, 430.90511463844797, 255.10143613000756, 432.61839254220206, 258.4272108843537, 434.13010833963216, 261.9545477450239, 434.9363567649282, 265.7842277651801, 436.1457294028723, 270.31937515747035, 436.1457294028723, 275.7615520282186, 436.5016880826405, 279.3920886873268, 441.8430839002268, 281.810833963215, 445.06807760141095, 286.6483245149912, 448.79697656840517, 291.4858150667675, 449.80478710002524, 297.3311161501638, 449.90556815318723, 302.16860670194, 451.2157218442933, 306.40141093474426, 453.2313429075334, 311.1381204333585, 458.07891156462586, 316.6004535147393, 463.01718316956413, 319.42232300327544, 467.0, 321.6395061728395, 467.0, 323.0504409171076, 465.23436633912826, 325.26762408667173, 464.2265558075082, 326.6785588309398, 461.40468631897204, 328.5933988410179, 458.4820357772739, 330.20589569160995, 455.0554799697657, 330.609019904258, 450.8226757369615, 330.91136306374403, 445.88440413202323, 329.39964726631393, 441.14769463340895, 326.17465356512974, 436.3102040816327, 321.4379440665155, 432.2789619551525, 318.01138825900733, 429.1426555807509, 322.1970269589318, 428.2356261022928, 325.32123960695395, 428.3364071554548, 332.0735701688083, 428.13484504913083, 338.52355757117664, 428.4371882086168, 344.973544973545, 429.3442176870749, 353.03602922650543, 430.35202821869495, 359.28445452254977, 432.26686822877303, 365.9360040312421, 433.77858402620313, 370.87427563618036, 435.8949861426052, 378.43285462333074, 437.2071554547746, 383.591232048375, 437.7110607205846, 390.64590576971534, 437.8118417737466, 403.34431846812805, 438.92043335852867, 408.8872763920383, 439.4243386243387, 417.25210380448476, 440.02902494331073, 422.19037540942304, 443.46525573192235, 426.94885361552025, 445.5816578483245, 431.2824389014865, 450.047871000252, 437.6239858906526, 459.21894683799445, 448.0044343663391, 465.6689342403628, 455.96613756613755, 467.0, 459.5942554799697, 467.0, 465.94346182917604, 467.0, 525.8086167800454, 467.0, 545.8640463592844, 467.0, 623.0, 402.51428571428573, 623.0, 178.9714285714286, 623.0, 45.94285714285714, 623.0, 0.0, 623.0, 0.0, 557.4857142857143, 0.0, 465.6, 0.0, 415.00508944318466, 2.580801209372635, 403.9191735953641, 5.100327538422768, 391.2207608969514, 8.123759133282928, 379.6309397833208, 10.643285462333061, 368.2426807760142, 12.481128747795404, 359.193751574704, 14.09362559838749, 352.6429831191736, 14.698311917359522, 349.3172083648274, 4.418644494834979, 346.9992441421013, 0.0, 344.04474678760397, 0.0, 335.6799193751575, 0.0, 333.66429831191743, 4.274326026706975, 327.91977828168314, 7.4993197278911445, 323.4854119425549, 6.894633408919113, 323.3846308893929, 6.088384983623071, 320.86510456034273, 5.584479717813043, 314.81824137062245, 6.3907281431090865, 308.9729402872261, 8.406349206349192, 306.352632905014, 5.382917611489033, 306.453413958176, 0.0, 305.3448223733939, 0.0, 285.9428571428572], [224.34346182917616, 116.8560342655581, 226.58039808516003, 139.67608969513728, 227.5882086167801, 143.10264550264546, 229.09992441421016, 139.17218442932727, 230.61164021164026, 135.04016124968504, 231.7202317964223, 131.81516754850088, 233.03038548752838, 129.90032753842277, 233.83663391282442, 135.44328546233308, 234.84444444444446, 143.5057697152935, 235.95303602922652, 150.76200554295787, 237.56553287981862, 158.01824137062226, 240.18584026203075, 163.76276140085656, 241.3952128999748, 166.08072562358268, 243.73897707231046, 165.83602922650542, 243.23507180650043, 159.28526077097507, 244.14210128495847, 144.57122700932229, 246.05694129503658, 133.7876543209877, 245.50748299319727, 118.8716553287982, 243.39108087679517, 116.75525321239608, 239.25905769715297, 117.35993953136813, 235.22781557067273, 117.86384479717815]], "scale": 3, "viewpoint": 1, "zoom_in": 2, "landmarks": [232, 119, 2, 131, 86, 2, 156, 147, 2, 233, 188, 2, 301, 156, 2, 348, 87, 2, 28, 160, 2, 24, 230, 2, 0, 0, 0, 0, 0, 0, 18, 326, 2, 36, 274, 2, 31, 306, 2, 8, 381, 2, 0, 0, 0, 0, 0, 0, 0, 0, 0, 435, 382, 2, 435, 316, 2, 420, 282, 2, 449, 315, 2, 0, 0, 0, 452, 296, 2, 427, 240, 2, 389, 153, 2], "style": 1, "bounding_box": [0, 79, 466, 623], "category_id": 1, "occlusion": 1,