{"source": "user", "pair_id": 16, "item1": {"segmentation": [[255.35999999999274, 108.47364238410665, 242.39999999999475, 106.55364238410694, 232.1599999999963, 108.31364238410667, 222.23999999999782, 111.03364238410626, 212.79999999999927, 114.87364238410566, 206.24000000000026, 117.2736423841053, 192.80000000000234, 121.11364238410471, 178.7200000000045, 121.43364238410466, 161.44000000000713, 120.15364238410486, 149.71240470201704, 121.83614892717654, 140.1153019405881, 122.92261339073454, 130.88035400034516, 122.19830374836255, 117.48062561646324, 121.11183928480455, 111.32399365630127, 120.20645223183955, 101.91324111445877, 118.92170539597849, 88.89548963517075, 117.14655746698467, 77.94874407304218, 116.25898350248777, 65.81856655825108, 115.51933853207368, 59.753477800855514, 116.40691249657058, 55.907323954702235, 119.36549237822695, 53.39253105529432, 126.61401308828505, 53.9661966385212, 135.60056488251146, 52.96940062570539, 143.57493298503792, 48.270219422430884, 154.112490834805, 40.58065018070896, 169.3492298878466, 32.17908378697574, 183.73157235847464, 28.44210469511902, 193.9827137028314, 23.915169430294043, 209.73644842442235, 15.042376311237087, 231.6468151061752, 7.200439973419754, 249.69362267696212, 0.28002474850781667, 269.76282682920674, 2.9677143703806994, 530.277043091148, 11.70860927152318, 525.282246004781, 17.5358725389515, 522.7848474615973, 35.433895431767056, 527.7796445479645, 57.49424922988856, 526.9471783669034, 82.05200157119361, 521.9523812805362, 109.10715245568227, 519.038749646822, 143.238265879191, 515.7088849225772, 172.3832950398752, 517.2093526152181, 185.77105014191307, 514.9236383295043, 201.11798891741992, 510.6787403703216, 216.13839708068193, 511.9848628193009, 228.87309095823016, 513.617515880525, 234.4241113663922, 511.9848628193009, 237.36288687659564, 512.3113934315458, 241.28125422353355, 513.2909852682802, 248.1383970806749, 508.3930260846078, 263.1588052439369, 511.3318015948112, 279.48533585617827, 515.576699553994, 296.1383970806644, 513.9440464927699, 315.40370320310916, 511.0052709825664, 331.07805763976035, 509.80359927354124, 345.75949808297065, 507.0335161710487, 357.11683880319, 504.54044137880544, 374.56836234889283, 508.41855772229496, 391.7428775843464, 507.0335161710487, 398.6680853405777, 503.43240813780847, 415.2885839555328, 502.8783915173099, 423.5988332630103, 501.4933499660637, 437.17224046522364, 505.0944579993039, 454.6237640109265, 504.2634330685562, 466.258113041395, 500.6623250353159, 467.0, 174.45574954845642, 462.21449291226514, 166.19128673854053, 453.1235838213576, 157.10037764763302, 443.61945158995434, 146.35657599474234, 434.115319358551, 135.40616277160376, 425.64424497838723, 122.59624541623411, 417.3797821684713, 115.15822888730979, 407.04920365607643, 101.72847682119644, 401.4706912593832, 96.1499644245032, 395.2389164826997, 92.80652133922004, 386.21113870492337, 93.3273546725533, 381.6972498160352, 92.11207689477571, 375.10002759381405, 93.67457689477546, 368.85002759381507, 96.97318800588604, 358.08613870492786, 97.14679911699713, 345.9333609271521, 99.4037435614412, 333.259749816043, 101.13985467255205, 323.7111387049334, 102.87596578366288, 311.7319720382686, 106.69541022810671, 306.52363870493616, 108.08429911699537, 295.12932303163416, 112.51517660044334, 287.3168230316354, 113.20962104488767, 272.0390452538601, 110.7790654893325, 261.9696008094172, 108.52212104488842]], "scale": 3, "viewpoint": 1, "zoom_in": 3, "landmarks": [399, 96, 2, 238, 112, 2, 56, 121, 2, 0, 0, 0, 0, 0, 0, 274, 509, 2, 0, 0, 0, 0, 0, 0], "style": 1, "bounding_box": [0, 91, 467, 527], "category_id": 9, "occlusion": 1, "category_name": "skirt"}}