{"source": "user", "pair_id": 17, "item1": {"segmentation": [[149.5510204081631, 232.97959183673427, 150.53061224489792, 244.08163265306214, 160.65306122449095, 256.1632653061248, 178.6122448979625, 267.26530612245267, 195.26530612245426, 270.2040816326571, 209.6326530612315, 268.5714285714324, 223.6734693877638, 263.0204081632685, 233.46938775511188, 257.7959183673495, 234.4489795918467, 249.959183673471, 231.18367346939732, 240.1632653061229, 228.57142857143782, 235.26530612244883, 231.18367346939732, 231.34693877550959, 239.34693877552075, 234.9387755102039, 246.53061224490938, 238.5306122448982, 264.16326530613594, 244.73469387755202, 283.2653061224415, 247.77142857142556, 303.8367346938725, 251.03673469387493, 314.6122448979554, 251.03673469387493, 321.14285714285415, 252.99591836734456, 327.34693877550797, 257.2408163265287, 353.4693877551029, 278.7918367346946, 366.8571428571453, 284.66938775510346, 372.0816326530643, 284.3428571428585, 378.2857142857181, 286.30204081632814, 382.5306122449023, 288.26122448979777, 389.061224489801, 292.17959183673696, 395.9183673469447, 297.077551020411, 404.0816326530681, 299.6897959183705, 408.6530612244972, 300.66938775510533, 412.8979591836814, 301.3224489795952, 417.4693877551105, 301.9755102040851, 424.00000000000927, 303.60816326530977, 429.22448979592826, 304.9142857142895, 434.12244897960227, 306.87346938775914, 439.34693877552127, 310.7918367346984, 444.57142857144026, 318.9551020408218, 454.3673469387884, 333.9755102040889, 462.2040816326669, 347.3632653061313, 467.0, 360.75102040817376, 467.0, 372.3102040816385, 456.19591836734975, 376.5551020408227, 445.09387755102193, 382.1061224489866, 437.5836734693884, 386.35102040817077, 428.1142857142852, 386.6775510204157, 415.37959183673263, 383.73877551021127, 404.2775510204048, 382.1061224489866, 393.17551020407694, 379.4938775510271, 383.0530612244839, 372.9632653061284, 375.8693877550953, 367.7387755102094, 363.78775510203263, 362.5142857142904, 348.7673469387655, 358.9224489795961, 329.50204081631426, 361.5346938775556, 324.93061224488514, 367.41224489796446, 318.07346938774145, 384.7183673469461, 321.9918367346807, 413.77959183674545, 326.2367346938649, 439.90204081634045, 329.2408163265361, 477.58367346938616, 326.95510204082154, 518.7265306122482, 327.93469387755636, 556.9306122449059, 330.25306122448796, 608.3265306122455, 325.7142857142857, 623.0, 125.4857142857143, 623.0, 117.12653061224522, 607.4122448979587, 110.26938775510155, 589.1265306122422, 108.31020408163192, 572.1469387755055, 107.33061224489711, 563.6571428571372, 99.16734693877369, 556.1469387755036, 94.26938775509963, 550.2693877550947, 94.59591836734457, 542.7591836734612, 95.90204081632432, 530.6775510203985, 92.31020408163002, 521.5346938775402, 78.26938775509772, 532.3102040816232, 69.12653061223949, 544.0653061224409, 61.06122448979502, 550.922448979592, 47.673469387752604, 554.5142857142863, 66.28571428571401, 499.33061224489194, 58.12244897959059, 485.2897959183597, 40.81632653060893, 471.2489795918274, 29.387755102036145, 463.08571428570394, 15.575510204081285, 454.40000000000225, 0.0, 450.51428571428573, 0.0, 387.42857142857144, 7.575510204082372, 381.583673469387, 3.9836734693880667, 366.56326530611994, 7.575510204082372, 358.0734693877516, 13.126530612246299, 351.5428571428528, 18.677551020410224, 345.66530612244395, 28.146938775513394, 335.54285714285095, 43.493877551025435, 300.60408163264265, 57.20816326531278, 286.5632653061104, 64.06530612245645, 281.3387755101914, 73.53469387755962, 276.1142857142724, 83.65714285715266, 271.21632653059834, 87.90204081633684, 267.29795918365915, 93.45306122450077, 265.0122448979446, 95.73877551021532, 264.68571428569965, 100.31020408164444, 258.1551020408009, 102.92244897960394, 256.84897959182115, 105.86122448980836, 255.54285714284137, 109.12653061225774, 255.54285714284137, 117.6163265306261, 255.8693877550863, 125.45306122450458, 244.44081632651353, 135.90204081634255, 243.78775510202365, 142.10612244899636, 239.8693877550844]], "scale": 3, "viewpoint": 2, "zoom_in": 2, "landmarks": [199, 245, 1, 150, 241, 2, 170, 262, 2, 205, 267, 2, 236, 256, 2, 230, 232, 1, 52, 296, 2, 0, 0, 0, 0, 0, 0, 0, 0, 0, 0, 0, 0, 80, 535, 2, 0, 0, 0, 0, 0, 0, 0, 0, 0, 121, 414, 2, 110, 463, 2, 96, 530, 2, 115, 589, 2, 0, 0, 0, 0, 0, 0, 0, 0, 0, 0, 0, 0, 0, 0, 0, 325, 542, 2, 325, 476, 2, 324, 408, 2, 329, 361, 2, 0, 0, 0, 0, 0, 0, 0, 0, 0, 388, 373, 2, 411, 304, 2, 0, 0, 0, 0, 0, 0, 0, 0, 0, 315, 248, 1], "style": 2, "bounding_box": [0, 229, 467, 623], "category_id": 11, "occlusion": 1, "category_name": "long sleeve dress"}}