{"source": "user", "pair_id": 7, "item1": {"segmentation": [[135.3857142857143, 82.15714285714286, 127.67142857142858, 89.1, 122.65714285714286, 83.7, 117.25714285714285, 83.7, 112.24285714285715, 82.92857142857143, 103.37142857142857, 83.7, 92.18571428571428, 89.1, 74.44285714285715, 93.72857142857143, 62.1, 97.97142857142858, 57.471428571428575, 102.98571428571428, 50.52857142857143, 113.78571428571429, 44.35714285714286, 135.77142857142857, 41.65714285714286, 144.64285714285714, 39.72857142857143, 149.65714285714287, 40.5, 152.74285714285713, 39.72857142857143, 159.3, 36.25714285714286, 162.3857142857143, 36.25714285714286, 170.4857142857143, 33.94285714285714, 195.94285714285715, 27.26734693877551, 221.1, 23.348979591836734, 249.5081632653061, 19.75714285714286, 266.4877551020408, 14.85918367346939, 281.5081632653061, 13.226530612244902, 287.7122448979592, 11.267346938775514, 289.01836734693876, 11.92040816326531, 294.24285714285713, 12.573469387755106, 297.834693877551, 12.573469387755106, 297.834693877551, 9.634693877551026, 301.09999999999997, 8.655102040816331, 308.28367346938774, 2.6102040816326535, 321.7775510204081, 1.1571428571428573, 349.45714285714286, 28.542857142857144, 348.6857142857143, 97.2, 349.45714285714286, 198.4764266036993, 350.0, 294.3184048274958, 350.0, 402.9794044339499, 350.0, 467.0, 349.45714285714286, 467.0, 256.8857142857143, 460.72244897959183, 233.64285714285714, 453.2122448979592, 202.94897959183675, 445.70204081632653, 173.88775510204084, 435.9061224489796, 143.84693877551024, 429.37551020408165, 127.84693877551024, 425.234693877551, 119.9, 417.07142857142856, 112.71632653061225, 409.234693877551, 104.8795918367347, 402.7040816326531, 101.94081632653062, 389.3163265306123, 97.04285714285716, 378.5408163265306, 90.8387755102041, 366.1326530612245, 85.94081632653064, 355.030612244898, 88.55306122448981, 346.86734693877554, 89.20612244897961, 341.3163265306123, 85.94081632653064, 335.5244897959184, 86.12244897959184, 331.52040816326536, 93.45102040816329, 323.030612244898, 98.02244897959184, 314.2142857142858, 103.9, 302.6387755102041, 109.78163265306122, 288.27142857142854, 113.3734693877551, 272.27142857142854, 119.25102040816326, 250.72040816326532, 122.18979591836734, 249.08775510204083, 118.27142857142857, 239.61836734693878, 118.27142857142857, 238.63877551020408, 121.86326530612244, 227.86326530612246, 122.18979591836734, 228.51632653061228, 127.0877551020408, 222.63877551020408, 127.41428571428571, 222.63877551020408, 122.84285714285714, 220.02653061224493, 122.51632653061225, 210.23061224489797, 121.53673469387755, 200.10816326530613, 120.23061224489796, 192.74693877551022, 118.41632653061225, 178.0530612244898, 113.51836734693879, 163.6857142857143, 105.68163265306123, 157.80816326530615, 99.80408163265307, 153.23673469387757, 94.5795918367347, 149.3183673469388, 90.00816326530614, 142.78775510204085, 85.11020408163267]], "scale": 3, "viewpoint": 1, "zoom_in": 3, "landmarks": [228, 129, 2, 340, 89, 2, 0, 0, 0, 0, 0, 0, 0, 0, 0, 136, 86, 2, 417, 113, 2, 461, 233, 2, 0, 0, 0, 0, 0, 0, 0, 0, 0, 0, 0, 0, 0, 0, 0, 0, 0, 0, 396, 323, 2, 391, 269, 2, 387, 291, 1, 0, 0, 0, 0, 0, 0, 0, 0, 0, 0, 0, 0, 0, 0, 0, 28, 292, 2, 30, 250, 2, 26, 299, 2, 0, 0, 0, 0, 0, 0, 0, 0, 0, 0, 0, 0, 0, 0, 0, 0, 0, 0, 31, 223, 2, 58, 104, 2], "style": 1, "bounding_box": [1, 82, 467, 350], "category_id": 2, "occlusion": 1, "category_name": "long sleeve top"}}