{"source": "user", "pair_id": 23, "item1": {"segmentation": [[159.07894736842107, 15.394736842105264, 169.4069643806486, 9.67976414866367, 173.44736842105263, 9.67976414866367, 185.56858054226475, 19.597119520564497, 198.79172103813252, 25.47407085206128, 210.5456237011261, 25.47407085206128, 218.9937412401527, 26.20868976849838, 232.4662413609782, 24.37214247740563, 248.62785752259435, 24.004833019187082, 254.8721183123097, 22.53559518631289, 277.64530472185976, 19.964428978783044, 289.7665168430718, 17.393262771253198, 298.2146343820985, 15.189406021941906, 307.76468029578075, 12.618239814412064, 314.37625054371466, 8.577835774008024, 320.2532018752114, 4.9047411918225325, 324.29360591561544, 3.0681939007297876, 325.02822483205256, 2.7008844425112386, 330.17055724711224, 3.4355033589483366, 334.9455802039534, 6.00666956647818, 338.98598424435744, 8.577835774008024, 360.74462326615435, 23.51889710502151, 372.1312164709294, 30.497776811173942, 378.7427867188633, 34.170871393359434, 390.49668938185687, 40.04782272485622, 400.0467352955391, 43.35360784882316, 406.65830554347303, 45.924774056353, 413.6371852496254, 48.86324972210139, 416.9429703735924, 51.801725387849785, 423.55454062152626, 62.45369967618771, 428.69687303658594, 69.43257938234014, 434.20651490986415, 78.61531583780386, 438.6142284084868, 88.89998066792324, 445.22579865642064, 105.06159682953941, 448.53158378038756, 110.57123870281762, 450.0008216132618, 114.61164274322167, 457.0129766565173, 134.87953699676189, 465.461094195544, 156.55079503165626, 467.0, 168.6720071528684, 467.0, 177.4874341501136, 467.0, 187.77209898023295, 466.5630225701996, 191.812503020637, 459.5841428640472, 188.8740273548886, 450.768715866802, 188.13940843845148, 444.8917645353052, 188.50671789667004, 434.9744091634044, 189.97595572954424, 426.1589821661592, 190.71057464598132, 418.4454835435697, 190.71057464598132, 410.3646754627616, 190.71057464598132, 408.8954376298874, 191.812503020637, 409.2627470881059, 212.38183268087573, 411.0992943791987, 237.72618529795562, 411.46660383741727, 247.64354066985643, 416.306147600406, 306.53371030882994, 416.306147600406, 314.98182784785655, 417.7753854332802, 356.120487168334, 421.0811705572471, 399.09569377990425, 423.652336764777, 441.78055676381035, 425.12157459765115, 467.49221883910883, 425.85619351408826, 481.44997825141365, 425.48888405586973, 493.9384998308443, 426.2235029723068, 506.427021410275, 426.9581218887439, 518.9155429897057, 428.79466917983666, 526.2617321540766, 426.9581218887439, 531.4040645691364, 426.9581218887439, 534.7098496931033, 431.7116379102025, 559.6556473829202, 434.6501135759509, 573.9807162534436, 428.7731622444541, 587.9384756657483, 422.5289014547388, 591.9788797061524, 400.85764341984435, 598.5904499540864, 382.12486105069837, 601.5289256198347, 366.3305543473008, 602.2635445362718, 349.80162872746604, 603.3654729109275, 325.9265139432604, 604.4674012855832, 318.94763423710793, 604.8347107438017, 307.1937315741144, 605.2020202020202, 299.48023295152484, 605.2020202020202, 297.27637620221356, 605.2020202020202, 243.90660190420957, 604.2516553090716, 217.46032091247406, 604.2516553090716, 207.17565608235466, 604.9862742255087, 170.0774008022812, 603.884345850853, 154.28309409888362, 604.2516553090716, 149.14076168382394, 603.884345850853, 108.24909380890242, 606.347300758784, 97.5971195205645, 605.9799913005654, 84.37397902469674, 605.9799913005654, 76.6604804021072, 606.347300758784, 56.09115074186846, 606.347300758784, 48.37765211927893, 606.347300758784, 21.422913343965973, 602.458121888744, 10.403629597409504, 601.7235029723068, 2.690130974819974, 600.9888840558698, 0.0, 495.0078294910831, 9.161229520081195, 478.1115944130298, 14.303561935140882, 470.39809579044027, 18.71127543376347, 463.4192160842879, 23.85360784882316, 454.6037890870427, 31.567106471412686, 439.91141075830075, 34.87289159537963, 428.89212701174426, 41.11715238509496, 414.56705814122085, 45.157556425499, 405.75163114397566, 49.565269924121594, 391.7938717316708, 53.60567396452563, 378.570731235803, 56.91145908849257, 366.4495191145909, 58.74800637958532, 352.8590691605046, 52.136436131651436, 336.6974529988884, 54.924024938379006, 314.3322217389202, 58.59711952056449, 293.39558262046296, 59.33173843700159, 283.8455367067807, 58.96442897878304, 271.7243245855686, 58.96442897878304, 265.8473732540718, 55.29133439659755, 259.60311246435646, 51.98554927263061, 252.2569232999855, 46.84321685757092, 242.33956792808465, 43.90474119182253, 233.15683147262092, 42.06819390072979, 227.27988014112412, 41.33357498429269, 223.9740950171572, 38.3950993185443, 208.91440723019667, 34.354695278140255, 204.13938427335555, 23.78874873133246, 189.1660625392683, 16.442559566961478, 178.88139770914893, 11.66753661012034, 170.06597071190373, 10.565608235464694, 166.0255666714997, 7.173457058624524, 83.7798318109323, 7.540766516843073, 80.84135614518391, 18.192740805180996, 79.00480885409117, 26.273548885989072, 76.06633318834277, 32.517809675704406, 73.86247643903147, 40.23130829829394, 70.92400077328308, 46.84287854622782, 67.25090619109758, 53.08713933594316, 63.5778116089121, 56.3929244599101, 61.74126431781936, 56.76023391812865, 61.74126431781936, 89.1708472282635, 45.02817650186071, 99.45551205838287, 39.15122517036392, 105.6997728480982, 36.58005896283408, 109.37286743028369, 36.21274950461553, 121.49407955149582, 34.00889275530424, 130.67681600695954, 34.00889275530424, 143.53264704460875, 27.397322507370355, 149.042288917887, 22.25499009231067, 152.34807404185392, 19.683823884780825]], "scale": 3, "viewpoint": 1, "zoom_in": 2, "landmarks": [244, 27, 2, 161, 19, 2, 192, 50, 2, 232, 52, 2, 287, 38, 2, 0, 0, 0, 106, 38, 2, 57, 62, 2, 8, 84, 2, 36, 204, 2, 52, 169, 1, 69, 138, 1, 44, 181, 2, 58, 261, 2, 53, 328, 2, 29, 445, 2, 0, 0, 0, 212, 606, 2, 433, 584, 2, 424, 442, 2, 416, 312, 2, 411, 247, 2, 408, 190, 2, 402, 145, 2, 401, 163, 1, 398, 189, 1, 466, 191, 2, 449, 111, 2, 414, 48, 2], "style": 2, "bounding_box": [0, 4, 466, 615], "category_id": 10, "occlusion": 1, "category_name": "short sleeve dress"}}