{"source": "user", "pair_id": 15, "item1": {"segmentation": [[144.68571428571428, 24.685714285714287, 117.25714285714287, 30.857142857142858, 100.11428571428571, 33.6, 72.0, 43.2, 61.714285714285715, 49.371428571428574, 48.0, 69.94285714285715, 27.42857142857143, 119.31428571428572, 0.0, 181.71428571428572, 0.0, 303.7714285714286, 14.4, 281.14285714285717, 30.857142857142858, 255.0857142857143, 38.4, 244.11428571428573, 56.228571428571435, 233.82857142857145, 66.51428571428572, 218.74285714285716, 85.02857142857144, 198.85714285714286, 98.74285714285715, 178.9714285714286, 92.57142857142857, 242.05714285714288, 85.02857142857144, 283.8857142857143, 83.65714285714286, 312.6857142857143, 76.67511478420668, 341.29009576282294, 76.30780532598813, 365.16521054702963, 73.73663911845817, 373.98063754427517, 71.53278236914679, 390.50956316411055, 68.96161616161683, 403.7327036599789, 65.82974016487654, 412.5475529583617, 64.07663570906931, 422.7739956172371, 63.200083481165706, 428.6176771365946, 59.98605864551913, 435.33791088385556, 57.94077011374404, 441.7659605551487, 54.14237712616172, 445.27216946676316, 50.051800062611534, 448.7783783783776, 49.75961598664366, 454.9142439737029, 45.669038923093474, 477.7046018991968, 41.286277783575414, 506.3386413440481, 40.70190963163967, 515.9807158509878, 49.29379108838556, 536.902431388918, 64.48736303871482, 553.8491077950545, 88.73864134404808, 573.1332568089339, 125.66469790253585, 593.1665657935927, 143.48792653657597, 600.7633517687573, 168.03138891787708, 606.022665136179, 202.5091098820858, 609.5288740477935, 234.3571741625837, 607.4835855160184, 268.36973807784517, 603.6614838777006, 290.2835437754355, 596.6490660544716, 305.7692998017326, 593.4350412188251, 296.9142857142857, 623.0, 465.6, 623.0, 467.0, 456.1908379421894, 355.0175101742632, 445.67221120734604, 352.09566941458445, 450.347156422832, 351.5113012626487, 461.7423353855789, 349.1738286549057, 469.6313054367114, 346.25198789522705, 477.22809141187605, 344.2897321428523, 484.611160714287, 342.72723214285224, 493.2049107142874, 341.9459821428522, 503.75178571428785, 339.6022321428521, 508.048660714288, 336.0866071428519, 513.9080357142883, 335.3053571428519, 502.18928571428773, 339.6022321428521, 481.8767857142869, 341.5553571428522, 465.4705357142862, 340.38348214285213, 454.92366071428575, 335.6959821428519, 443.98616071428523, 333.3522321428518, 436.95491071428495, 332.9616071428518, 417.4236607142841, 335.3053571428519, 390.47053571428296, 342.72723214285224, 365.86116071428194, 348.5866071428525, 349.84553571428125, 352.49285714285264, 337.7361607142807, 363.82098214285315, 317.03303571427983, 370.0709821428534, 304.14241071427926, 367.72723214285327, 321.32991071428, 365.7741071428532, 334.6111607142806, 363.4303571428531, 354.1424107142814, 364.21160714285315, 368.98616071428205, 363.4303571428531, 377.1892857142824, 467.0, 380.6412773908577, 467.0, 87.66661031276489, 459.135756551142, 84.70803043110793, 450.85173288250246, 81.74945054945097, 441.9759932375316, 76.42400676246844, 432.5085376162293, 70.5068469991545, 426.5913778529154, 66.36483516483476, 399.96415891800274, 53.93879966187552, 394.0469991546888, 51.57193575654995, 379.8458157227354, 40.3293322062535, 369.1949281487703, 37.37075232459653, 352.62688081149133, 59.85595942518945, 325.99966187657867, 95.95063398140438, 298.7807269653346, 132.04530853761932, 265.05291631444527, 159.85595942519478, 236.6505494505384, 168.73169907016566, 224.27923294187568, 164.8649323621229, 212.0520710059185, 157.19492814877563, 186.60828402366863, 131.15942519019438, 173.590532544378, 86.18901098900855, 161.75621301775016, 48.910904480130824], [362.95102040816306, 376.9265306122431, 358.3591836734689, 389.1714285714273, 355.29795918367284, 396.31428571428484, 353.76734693877484, 403.967346938775, 353.2571428571421, 409.5795918367345, 355.29795918367284, 417.23265306122465, 355.29795918367284, 426.92653061224553, 355.29795918367284, 434.5795918367357, 354.2775510204075, 446.82448979592, 467.0, 458.04897959183893, 467.0, 377.94693877550844]], "scale": 3, "viewpoint": 2, "zoom_in": 2, "landmarks": [252, 67, 1, 146, 27, 1, 175, 109, 1, 234, 170, 2, 320, 104, 2, 372, 40, 2, 63, 49, 1, 0, 0, 0, 0, 0, 0, 0, 0, 0, 0, 0, 0, 0, 0, 0, 0, 0, 0, 0, 0, 0, 52, 240, 1, 102, 177, 1, 99, 223, 1, 77, 362, 2, 41, 514, 2, 186, 608, 2, 347, 581, 1, 332, 414, 2, 383, 257, 2, 395, 221, 2, 369, 347, 2, 356, 434, 2, 334, 520, 2, 0, 0, 0, 0, 0, 0, 0, 0, 0, 0, 0, 0, 0, 0, 0, 0, 0, 0], "style": 3, "bounding_box": [0, 12, 466, 623], "category_id": 2, "occlusion": 2, "category_name": "long sleeve top"}}